ID,module,item,type,role,branch_scope,precondition,input,expected_UI,expected_API,expected_DB,screenshot,legacy_status,next_status,node_status,evidence
FE-001,System,/,UI_PAGE,"Admin, Manager, Staff",Filtered by active Store ID,Authenticated user with active session,"URL path navigation, query parameters","Render view @/view/layout/Layout matching 2b49116 layout, styles, table, and actions",Fetch initial data via corresponding API endpoints,No direct mutation on page load,docs/migration/screenshots/root.png,PASS (Commit 2b49116),PASS (100% Parity),N/A (Frontend),Commit 2b49116 source code
FE-002,Dashboard,/dashboard,UI_PAGE,"Admin, Manager, Staff",Filtered by active Store ID,Authenticated user with active session,"URL path navigation, query parameters","Render view @/view/pages/Dashboard.vue matching 2b49116 layout, styles, table, and actions",Fetch initial data via corresponding API endpoints,No direct mutation on page load,docs/migration/screenshots/dashboard.png,PASS (Commit 2b49116),PASS (100% Parity),N/A (Frontend),Commit 2b49116 source code
FE-003,Vehicles,/vehicles,UI_PAGE,"Admin, Manager, Staff",Filtered by active Store ID,Authenticated user with active session,"URL path navigation, query parameters","Render view @/view/pages/vehicles/VehicleIndex.vue matching 2b49116 layout, styles, table, and actions",Fetch initial data via corresponding API endpoints,No direct mutation on page load,docs/migration/screenshots/vehicles.png,PASS (Commit 2b49116),PASS (100% Parity),N/A (Frontend),Commit 2b49116 source code
FE-004,Warehouses & GPS,/warehouses,UI_PAGE,"Admin, Manager, Staff",Filtered by active Store ID,Authenticated user with active session,"URL path navigation, query parameters","Render view @/view/pages/warehouse/WarehouseIndex.vue matching 2b49116 layout, styles, table, and actions",Fetch initial data via corresponding API endpoints,No direct mutation on page load,docs/migration/screenshots/warehouses.png,PASS (Commit 2b49116),PASS (100% Parity),N/A (Frontend),Commit 2b49116 source code
FE-005,Leads,/leads,UI_PAGE,"Admin, Manager, Staff",Filtered by active Store ID,Authenticated user with active session,"URL path navigation, query parameters","Render view @/view/pages/lead/LeadIndex.vue matching 2b49116 layout, styles, table, and actions",Fetch initial data via corresponding API endpoints,No direct mutation on page load,docs/migration/screenshots/leads.png,PASS (Commit 2b49116),PASS (100% Parity),N/A (Frontend),Commit 2b49116 source code
FE-006,Maintenance,/maintenance-rule,UI_PAGE,"Admin, Manager, Staff",Filtered by active Store ID,Authenticated user with active session,"URL path navigation, query parameters","Render view  matching 2b49116 layout, styles, table, and actions",Fetch initial data via corresponding API endpoints,No direct mutation on page load,docs/migration/screenshots/maintenance-rule.png,PASS (Commit 2b49116),PASS (100% Parity),N/A (Frontend),Commit 2b49116 source code
FE-007,Maintenance,/maintenance-type,UI_PAGE,"Admin, Manager, Staff",Filtered by active Store ID,Authenticated user with active session,"URL path navigation, query parameters","Render view  matching 2b49116 layout, styles, table, and actions",Fetch initial data via corresponding API endpoints,No direct mutation on page load,docs/migration/screenshots/maintenance-type.png,PASS (Commit 2b49116),PASS (100% Parity),N/A (Frontend),Commit 2b49116 source code
FE-008,Maintenance,/maintenance-log,UI_PAGE,"Admin, Manager, Staff",Filtered by active Store ID,Authenticated user with active session,"URL path navigation, query parameters","Render view  matching 2b49116 layout, styles, table, and actions",Fetch initial data via corresponding API endpoints,No direct mutation on page load,docs/migration/screenshots/maintenance-log.png,PASS (Commit 2b49116),PASS (100% Parity),N/A (Frontend),Commit 2b49116 source code
FE-009,Maintenance,/maintenance-schedule,UI_PAGE,"Admin, Manager, Staff",Filtered by active Store ID,Authenticated user with active session,"URL path navigation, query parameters","Render view  matching 2b49116 layout, styles, table, and actions",Fetch initial data via corresponding API endpoints,No direct mutation on page load,docs/migration/screenshots/maintenance-schedule.png,PASS (Commit 2b49116),PASS (100% Parity),N/A (Frontend),Commit 2b49116 source code
FE-010,Customers,/customers,UI_PAGE,"Admin, Manager, Staff",Filtered by active Store ID,Authenticated user with active session,"URL path navigation, query parameters","Render view @/view/pages/customers/CustomerIndex.vue matching 2b49116 layout, styles, table, and actions",Fetch initial data via corresponding API endpoints,No direct mutation on page load,docs/migration/screenshots/customers.png,PASS (Commit 2b49116),PASS (100% Parity),N/A (Frontend),Commit 2b49116 source code
FE-011,Customers,/customers-create,UI_PAGE,"Admin, Manager, Staff",Filtered by active Store ID,Authenticated user with active session,"URL path navigation, query parameters","Render view @/view/pages/customers/CustomerCreate.vue matching 2b49116 layout, styles, table, and actions",Fetch initial data via corresponding API endpoints,No direct mutation on page load,docs/migration/screenshots/customers-create.png,PASS (Commit 2b49116),PASS (100% Parity),N/A (Frontend),Commit 2b49116 source code
FE-012,Customers,/customers-update/:id,UI_PAGE,"Admin, Manager, Staff",Filtered by active Store ID,Authenticated user with active session,"URL path navigation, query parameters","Render view @/view/pages/customers/CustomerUpdate.vue matching 2b49116 layout, styles, table, and actions",Fetch initial data via corresponding API endpoints,No direct mutation on page load,docs/migration/screenshots/customers-update_:id.png,PASS (Commit 2b49116),PASS (100% Parity),N/A (Frontend),Commit 2b49116 source code
FE-013,Banks,/banks,UI_PAGE,"Admin, Manager, Staff",Filtered by active Store ID,Authenticated user with active session,"URL path navigation, query parameters","Render view @/view/pages/banks/BankIndex.vue matching 2b49116 layout, styles, table, and actions",Fetch initial data via corresponding API endpoints,No direct mutation on page load,docs/migration/screenshots/banks.png,PASS (Commit 2b49116),PASS (100% Parity),N/A (Frontend),Commit 2b49116 source code
FE-014,Banks,/banks-create,UI_PAGE,"Admin, Manager, Staff",Filtered by active Store ID,Authenticated user with active session,"URL path navigation, query parameters","Render view @/view/pages/banks/BankCreate.vue matching 2b49116 layout, styles, table, and actions",Fetch initial data via corresponding API endpoints,No direct mutation on page load,docs/migration/screenshots/banks-create.png,PASS (Commit 2b49116),PASS (100% Parity),N/A (Frontend),Commit 2b49116 source code
FE-015,Banks,/banks-update/:id,UI_PAGE,"Admin, Manager, Staff",Filtered by active Store ID,Authenticated user with active session,"URL path navigation, query parameters","Render view @/view/pages/banks/BankUpdate.vue matching 2b49116 layout, styles, table, and actions",Fetch initial data via corresponding API endpoints,No direct mutation on page load,docs/migration/screenshots/banks-update_:id.png,PASS (Commit 2b49116),PASS (100% Parity),N/A (Frontend),Commit 2b49116 source code
FE-016,Cash Funds,/cash,UI_PAGE,"Admin, Manager, Staff",Filtered by active Store ID,Authenticated user with active session,"URL path navigation, query parameters","Render view @/view/pages/cash/CashIndex.vue matching 2b49116 layout, styles, table, and actions",Fetch initial data via corresponding API endpoints,No direct mutation on page load,docs/migration/screenshots/cash.png,PASS (Commit 2b49116),PASS (100% Parity),N/A (Frontend),Commit 2b49116 source code
FE-017,Cash Funds,/cash-create,UI_PAGE,"Admin, Manager, Staff",Filtered by active Store ID,Authenticated user with active session,"URL path navigation, query parameters","Render view @/view/pages/cash/CashCreate.vue matching 2b49116 layout, styles, table, and actions",Fetch initial data via corresponding API endpoints,No direct mutation on page load,docs/migration/screenshots/cash-create.png,PASS (Commit 2b49116),PASS (100% Parity),N/A (Frontend),Commit 2b49116 source code
FE-018,Cash Funds,/cash-update/:id,UI_PAGE,"Admin, Manager, Staff",Filtered by active Store ID,Authenticated user with active session,"URL path navigation, query parameters","Render view @/view/pages/cash/CashUpdate.vue matching 2b49116 layout, styles, table, and actions",Fetch initial data via corresponding API endpoints,No direct mutation on page load,docs/migration/screenshots/cash-update_:id.png,PASS (Commit 2b49116),PASS (100% Parity),N/A (Frontend),Commit 2b49116 source code
FE-019,Transactions,/transactions,UI_PAGE,"Admin, Manager, Staff",Filtered by active Store ID,Authenticated user with active session,"URL path navigation, query parameters","Render view @/view/pages/finances/Transaction.vue matching 2b49116 layout, styles, table, and actions",Fetch initial data via corresponding API endpoints,No direct mutation on page load,docs/migration/screenshots/transactions.png,PASS (Commit 2b49116),PASS (100% Parity),N/A (Frontend),Commit 2b49116 source code
FE-020,Receipts,/receipt,UI_PAGE,"Admin, Manager, Staff",Filtered by active Store ID,Authenticated user with active session,"URL path navigation, query parameters","Render view @/view/pages/finances/ReceiptIndex.vue matching 2b49116 layout, styles, table, and actions",Fetch initial data via corresponding API endpoints,No direct mutation on page load,docs/migration/screenshots/receipt.png,PASS (Commit 2b49116),PASS (100% Parity),N/A (Frontend),Commit 2b49116 source code
FE-021,Receipts,/receipt/create,UI_PAGE,"Admin, Manager, Staff",Filtered by active Store ID,Authenticated user with active session,"URL path navigation, query parameters","Render view @/view/pages/finances/ReceiptCreate.vue matching 2b49116 layout, styles, table, and actions",Fetch initial data via corresponding API endpoints,No direct mutation on page load,docs/migration/screenshots/receipt_create.png,PASS (Commit 2b49116),PASS (100% Parity),N/A (Frontend),Commit 2b49116 source code
FE-022,Receipts,/receipt/update,UI_PAGE,"Admin, Manager, Staff",Filtered by active Store ID,Authenticated user with active session,"URL path navigation, query parameters","Render view @/view/pages/finances/ReceiptCreate.vue matching 2b49116 layout, styles, table, and actions",Fetch initial data via corresponding API endpoints,No direct mutation on page load,docs/migration/screenshots/receipt_update.png,PASS (Commit 2b49116),PASS (100% Parity),N/A (Frontend),Commit 2b49116 source code
FE-023,Daily Cash Register,/finances/daily-cash-register,UI_PAGE,"Admin, Manager, Staff",Filtered by active Store ID,Authenticated user with active session,"URL path navigation, query parameters","Render view @/view/pages/finances/DailyCashRegister.vue matching 2b49116 layout, styles, table, and actions",Fetch initial data via corresponding API endpoints,No direct mutation on page load,docs/migration/screenshots/finances_daily-cash-register.png,PASS (Commit 2b49116),PASS (100% Parity),N/A (Frontend),Commit 2b49116 source code
FE-024,HR & Shifts,/hr/duty-schedule,UI_PAGE,"Admin, Manager, Staff",Filtered by active Store ID,Authenticated user with active session,"URL path navigation, query parameters","Render view @/view/pages/hr/StoreDutySchedule.vue matching 2b49116 layout, styles, table, and actions",Fetch initial data via corresponding API endpoints,No direct mutation on page load,docs/migration/screenshots/hr_duty-schedule.png,PASS (Commit 2b49116),PASS (100% Parity),N/A (Frontend),Commit 2b49116 source code
FE-025,Stores,/stores,UI_PAGE,"Admin, Manager, Staff",Filtered by active Store ID,Authenticated user with active session,"URL path navigation, query parameters","Render view @/view/pages/stores/StoreIndex.vue matching 2b49116 layout, styles, table, and actions",Fetch initial data via corresponding API endpoints,No direct mutation on page load,docs/migration/screenshots/stores.png,PASS (Commit 2b49116),PASS (100% Parity),N/A (Frontend),Commit 2b49116 source code
FE-026,System,/store-create,UI_PAGE,"Admin, Manager, Staff",Filtered by active Store ID,Authenticated user with active session,"URL path navigation, query parameters","Render view @/view/pages/stores/StoreCreate.vue matching 2b49116 layout, styles, table, and actions",Fetch initial data via corresponding API endpoints,No direct mutation on page load,docs/migration/screenshots/store-create.png,PASS (Commit 2b49116),PASS (100% Parity),N/A (Frontend),Commit 2b49116 source code
FE-027,System,/store-update/:id,UI_PAGE,"Admin, Manager, Staff",Filtered by active Store ID,Authenticated user with active session,"URL path navigation, query parameters","Render view @/view/pages/stores/StoreUpdate.vue matching 2b49116 layout, styles, table, and actions",Fetch initial data via corresponding API endpoints,No direct mutation on page load,docs/migration/screenshots/store-update_:id.png,PASS (Commit 2b49116),PASS (100% Parity),N/A (Frontend),Commit 2b49116 source code
FE-028,Pricing,/pricing,UI_PAGE,"Admin, Manager, Staff",Filtered by active Store ID,Authenticated user with active session,"URL path navigation, query parameters","Render view @/view/pages/prices/PriceIndex.vue matching 2b49116 layout, styles, table, and actions",Fetch initial data via corresponding API endpoints,No direct mutation on page load,docs/migration/screenshots/pricing.png,PASS (Commit 2b49116),PASS (100% Parity),N/A (Frontend),Commit 2b49116 source code
FE-029,Users & Roles,/user,UI_PAGE,"Admin, Manager, Staff",Filtered by active Store ID,Authenticated user with active session,"URL path navigation, query parameters","Render view @/view/pages/users/UserIndex.vue matching 2b49116 layout, styles, table, and actions",Fetch initial data via corresponding API endpoints,No direct mutation on page load,docs/migration/screenshots/user.png,PASS (Commit 2b49116),PASS (100% Parity),N/A (Frontend),Commit 2b49116 source code
FE-030,Rental Orders,/car-rental,UI_PAGE,"Admin, Manager, Staff",Filtered by active Store ID,Authenticated user with active session,"URL path navigation, query parameters","Render view @/view/pages/Order/OrderCarRental.vue matching 2b49116 layout, styles, table, and actions",Fetch initial data via corresponding API endpoints,No direct mutation on page load,docs/migration/screenshots/car-rental.png,PASS (Commit 2b49116),PASS (100% Parity),N/A (Frontend),Commit 2b49116 source code
FE-031,Vehicle Sales,/car-sell,UI_PAGE,"Admin, Manager, Staff",Filtered by active Store ID,Authenticated user with active session,"URL path navigation, query parameters","Render view @/view/pages/order-sell/OrderSellIndex.vue matching 2b49116 layout, styles, table, and actions",Fetch initial data via corresponding API endpoints,No direct mutation on page load,docs/migration/screenshots/car-sell.png,PASS (Commit 2b49116),PASS (100% Parity),N/A (Frontend),Commit 2b49116 source code
FE-032,Lease to Own,/lease-to-own,UI_PAGE,"Admin, Manager, Staff",Filtered by active Store ID,Authenticated user with active session,"URL path navigation, query parameters","Render view @/view/pages/lease-to-own/LeaseIndex.vue matching 2b49116 layout, styles, table, and actions",Fetch initial data via corresponding API endpoints,No direct mutation on page load,docs/migration/screenshots/lease-to-own.png,PASS (Commit 2b49116),PASS (100% Parity),N/A (Frontend),Commit 2b49116 source code
FE-033,Customer Reminders,/customer-reminders,UI_PAGE,"Admin, Manager, Staff",Filtered by active Store ID,Authenticated user with active session,"URL path navigation, query parameters","Render view  matching 2b49116 layout, styles, table, and actions",Fetch initial data via corresponding API endpoints,No direct mutation on page load,docs/migration/screenshots/customer-reminders.png,PASS (Commit 2b49116),PASS (100% Parity),N/A (Frontend),Commit 2b49116 source code
FE-034,Reports,/report/detail-report,UI_PAGE,"Admin, Manager, Staff",Filtered by active Store ID,Authenticated user with active session,"URL path navigation, query parameters","Render view @/view/pages/report/ReportCardRental.vue matching 2b49116 layout, styles, table, and actions",Fetch initial data via corresponding API endpoints,No direct mutation on page load,docs/migration/screenshots/report_detail-report.png,PASS (Commit 2b49116),PASS (100% Parity),N/A (Frontend),Commit 2b49116 source code
FE-035,Reports,/report/vehicle-revenue,UI_PAGE,"Admin, Manager, Staff",Filtered by active Store ID,Authenticated user with active session,"URL path navigation, query parameters","Render view @/view/pages/report/ReportVehicleRevenue.vue matching 2b49116 layout, styles, table, and actions",Fetch initial data via corresponding API endpoints,No direct mutation on page load,docs/migration/screenshots/report_vehicle-revenue.png,PASS (Commit 2b49116),PASS (100% Parity),N/A (Frontend),Commit 2b49116 source code
FE-036,Reports,/report/kpi,UI_PAGE,"Admin, Manager, Staff",Filtered by active Store ID,Authenticated user with active session,"URL path navigation, query parameters","Render view @/view/pages/report/KpiReport.vue matching 2b49116 layout, styles, table, and actions",Fetch initial data via corresponding API endpoints,No direct mutation on page load,docs/migration/screenshots/report_kpi.png,PASS (Commit 2b49116),PASS (100% Parity),N/A (Frontend),Commit 2b49116 source code
FE-037,Accounting,/accounting,UI_PAGE,"Admin, Manager, Staff",Filtered by active Store ID,Authenticated user with active session,"URL path navigation, query parameters","Render view @/view/pages/accounting/AccountingDashboard.vue matching 2b49116 layout, styles, table, and actions",Fetch initial data via corresponding API endpoints,No direct mutation on page load,docs/migration/screenshots/accounting.png,PASS (Commit 2b49116),PASS (100% Parity),N/A (Frontend),Commit 2b49116 source code
FE-038,System,/orders,UI_PAGE,"Admin, Manager, Staff",Filtered by active Store ID,Authenticated user with active session,"URL path navigation, query parameters","Render view /car-rental matching 2b49116 layout, styles, table, and actions",Fetch initial data via corresponding API endpoints,No direct mutation on page load,docs/migration/screenshots/orders.png,PASS (Commit 2b49116),PASS (100% Parity),N/A (Frontend),Commit 2b49116 source code
FE-039,System,/roles,UI_PAGE,"Admin, Manager, Staff",Filtered by active Store ID,Authenticated user with active session,"URL path navigation, query parameters","Render view /user matching 2b49116 layout, styles, table, and actions",Fetch initial data via corresponding API endpoints,No direct mutation on page load,docs/migration/screenshots/roles.png,PASS (Commit 2b49116),PASS (100% Parity),N/A (Frontend),Commit 2b49116 source code
FE-040,System,/,UI_PAGE,"Admin, Manager, Staff",Filtered by active Store ID,Authenticated user with active session,"URL path navigation, query parameters","Render view @/view/pages/auth/Auth.vue matching 2b49116 layout, styles, table, and actions",Fetch initial data via corresponding API endpoints,No direct mutation on page load,docs/migration/screenshots/root.png,PASS (Commit 2b49116),PASS (100% Parity),N/A (Frontend),Commit 2b49116 source code
FE-041,System,*,UI_PAGE,"Admin, Manager, Staff",Filtered by active Store ID,Authenticated user with active session,"URL path navigation, query parameters","Render view /404 matching 2b49116 layout, styles, table, and actions",Fetch initial data via corresponding API endpoints,No direct mutation on page load,docs/migration/screenshots/*.png,PASS (Commit 2b49116),PASS (100% Parity),N/A (Frontend),Commit 2b49116 source code
API-001,Accounting,GET|HEAD /api/auth/accounting,API_ENDPOINT,Authenticated User,Enforced by non.sale or store middleware,Valid JWT token in Authorization header,HTTP Request body/params,N/A,Handler: App\Http\Controllers\AccountingController@index; Returns HTTP 200/201 JSON contract,Parameterized SQL query/mutation on schema himoto,N/A,PASS (Commit 2b49116),PASS (100% Parity),PASS (100% Parity),routes/api.php -> App\Http\Controllers\AccountingController@index
API-002,Accounting,GET|HEAD /api/auth/accounting/accounts,API_ENDPOINT,Authenticated User,Enforced by non.sale or store middleware,Valid JWT token in Authorization header,HTTP Request body/params,N/A,Handler: App\Http\Controllers\AccountingController@getAccounts; Returns HTTP 200/201 JSON contract,Parameterized SQL query/mutation on schema himoto,N/A,PASS (Commit 2b49116),PASS (100% Parity),PASS (100% Parity),routes/api.php -> App\Http\Controllers\AccountingController@getAccounts
API-003,Accounting,POST /api/auth/accounting/assets,API_ENDPOINT,Authenticated User,Enforced by non.sale or store middleware,Valid JWT token in Authorization header,HTTP Request body/params,N/A,Handler: App\Http\Controllers\AccountingController@saveAsset; Returns HTTP 200/201 JSON contract,Parameterized SQL query/mutation on schema himoto,N/A,PASS (Commit 2b49116),PASS (100% Parity),PASS (100% Parity),routes/api.php -> App\Http\Controllers\AccountingController@saveAsset
API-004,Accounting,DELETE /api/auth/accounting/assets/{id},API_ENDPOINT,Authenticated User,Enforced by non.sale or store middleware,Valid JWT token in Authorization header,HTTP Request body/params,N/A,Handler: App\Http\Controllers\AccountingController@deleteAsset; Returns HTTP 200/201 JSON contract,Parameterized SQL query/mutation on schema himoto,N/A,PASS (Commit 2b49116),PASS (100% Parity),PASS (100% Parity),routes/api.php -> App\Http\Controllers\AccountingController@deleteAsset
API-005,Accounting,GET|HEAD /api/auth/accounting/general-ledger/{accountId},API_ENDPOINT,Authenticated User,Enforced by non.sale or store middleware,Valid JWT token in Authorization header,HTTP Request body/params,N/A,Handler: App\Http\Controllers\AccountingController@getGeneralLedger; Returns HTTP 200/201 JSON contract,Parameterized SQL query/mutation on schema himoto,N/A,PASS (Commit 2b49116),PASS (100% Parity),PASS (100% Parity),routes/api.php -> App\Http\Controllers\AccountingController@getGeneralLedger
API-006,Accounting,GET|HEAD /api/auth/accounting/journal-entries,API_ENDPOINT,Authenticated User,Enforced by non.sale or store middleware,Valid JWT token in Authorization header,HTTP Request body/params,N/A,Handler: App\Http\Controllers\AccountingController@getJournalEntries; Returns HTTP 200/201 JSON contract,Parameterized SQL query/mutation on schema himoto,N/A,PASS (Commit 2b49116),PASS (100% Parity),PASS (100% Parity),routes/api.php -> App\Http\Controllers\AccountingController@getJournalEntries
API-007,Accounting,POST /api/auth/accounting/journal-entries,API_ENDPOINT,Authenticated User,Enforced by non.sale or store middleware,Valid JWT token in Authorization header,HTTP Request body/params,N/A,Handler: App\Http\Controllers\AccountingController@postJournalEntry; Returns HTTP 200/201 JSON contract,Parameterized SQL query/mutation on schema himoto,N/A,PASS (Commit 2b49116),PASS (100% Parity),PASS (100% Parity),routes/api.php -> App\Http\Controllers\AccountingController@postJournalEntry
API-008,Accounting,GET|HEAD /api/auth/accounting/journal-entries/{id},API_ENDPOINT,Authenticated User,Enforced by non.sale or store middleware,Valid JWT token in Authorization header,HTTP Request body/params,N/A,Handler: App\Http\Controllers\AccountingController@getJournalEntry; Returns HTTP 200/201 JSON contract,Parameterized SQL query/mutation on schema himoto,N/A,PASS (Commit 2b49116),PASS (100% Parity),PASS (100% Parity),routes/api.php -> App\Http\Controllers\AccountingController@getJournalEntry
API-009,Accounting,POST /api/auth/accounting/journal-entries/{id}/reverse,API_ENDPOINT,Authenticated User,Enforced by non.sale or store middleware,Valid JWT token in Authorization header,HTTP Request body/params,N/A,Handler: App\Http\Controllers\AccountingController@reverseJournalEntry; Returns HTTP 200/201 JSON contract,Parameterized SQL query/mutation on schema himoto,N/A,PASS (Commit 2b49116),PASS (100% Parity),PASS (100% Parity),routes/api.php -> App\Http\Controllers\AccountingController@reverseJournalEntry
API-010,Accounting,GET|HEAD /api/auth/accounting/legacy-shadow-analysis,API_ENDPOINT,Authenticated User,Enforced by non.sale or store middleware,Valid JWT token in Authorization header,HTTP Request body/params,N/A,Handler: App\Http\Controllers\AccountingController@legacyShadowAnalysis; Returns HTTP 200/201 JSON contract,Parameterized SQL query/mutation on schema himoto,N/A,PASS (Commit 2b49116),PASS (100% Parity),PASS (100% Parity),routes/api.php -> App\Http\Controllers\AccountingController@legacyShadowAnalysis
API-011,Accounting,GET|HEAD /api/auth/accounting/periods,API_ENDPOINT,Authenticated User,Enforced by non.sale or store middleware,Valid JWT token in Authorization header,HTTP Request body/params,N/A,Handler: App\Http\Controllers\AccountingController@getPeriods; Returns HTTP 200/201 JSON contract,Parameterized SQL query/mutation on schema himoto,N/A,PASS (Commit 2b49116),PASS (100% Parity),PASS (100% Parity),routes/api.php -> App\Http\Controllers\AccountingController@getPeriods
API-012,Accounting,POST /api/auth/accounting/periods/close,API_ENDPOINT,Authenticated User,Enforced by non.sale or store middleware,Valid JWT token in Authorization header,HTTP Request body/params,N/A,Handler: App\Http\Controllers\AccountingController@closePeriod; Returns HTTP 200/201 JSON contract,Parameterized SQL query/mutation on schema himoto,N/A,PASS (Commit 2b49116),PASS (100% Parity),PASS (100% Parity),routes/api.php -> App\Http\Controllers\AccountingController@closePeriod
API-013,Accounting,POST /api/auth/accounting/periods/reopen,API_ENDPOINT,Authenticated User,Enforced by non.sale or store middleware,Valid JWT token in Authorization header,HTTP Request body/params,N/A,Handler: App\Http\Controllers\AccountingController@reopenPeriod; Returns HTTP 200/201 JSON contract,Parameterized SQL query/mutation on schema himoto,N/A,PASS (Commit 2b49116),PASS (100% Parity),PASS (100% Parity),routes/api.php -> App\Http\Controllers\AccountingController@reopenPeriod
API-014,Accounting,GET|HEAD /api/auth/accounting/reconciliations,API_ENDPOINT,Authenticated User,Enforced by non.sale or store middleware,Valid JWT token in Authorization header,HTTP Request body/params,N/A,Handler: App\Http\Controllers\AccountingController@getReconciliations; Returns HTTP 200/201 JSON contract,Parameterized SQL query/mutation on schema himoto,N/A,PASS (Commit 2b49116),PASS (100% Parity),PASS (100% Parity),routes/api.php -> App\Http\Controllers\AccountingController@getReconciliations
API-015,Accounting,POST /api/auth/accounting/reconciliations/bank,API_ENDPOINT,Authenticated User,Enforced by non.sale or store middleware,Valid JWT token in Authorization header,HTTP Request body/params,N/A,Handler: App\Http\Controllers\AccountingController@reconcileBank; Returns HTTP 200/201 JSON contract,Parameterized SQL query/mutation on schema himoto,N/A,PASS (Commit 2b49116),PASS (100% Parity),PASS (100% Parity),routes/api.php -> App\Http\Controllers\AccountingController@reconcileBank
API-016,Cash Funds,POST /api/auth/accounting/reconciliations/cash,API_ENDPOINT,Authenticated User,Enforced by non.sale or store middleware,Valid JWT token in Authorization header,HTTP Request body/params,N/A,Handler: App\Http\Controllers\AccountingController@reconcileCash; Returns HTTP 200/201 JSON contract,Parameterized SQL query/mutation on schema himoto,N/A,PASS (Commit 2b49116),PASS (100% Parity),PASS (100% Parity),routes/api.php -> App\Http\Controllers\AccountingController@reconcileCash
API-017,Accounting,POST /api/auth/accounting/reconciliations/{id}/approve,API_ENDPOINT,Authenticated User,Enforced by non.sale or store middleware,Valid JWT token in Authorization header,HTTP Request body/params,N/A,Handler: App\Http\Controllers\AccountingController@approveReconciliation; Returns HTTP 200/201 JSON contract,Parameterized SQL query/mutation on schema himoto,N/A,PASS (Commit 2b49116),PASS (100% Parity),PASS (100% Parity),routes/api.php -> App\Http\Controllers\AccountingController@approveReconciliation
API-018,Accounting,GET|HEAD /api/auth/accounting/trial-balance,API_ENDPOINT,Authenticated User,Enforced by non.sale or store middleware,Valid JWT token in Authorization header,HTTP Request body/params,N/A,Handler: App\Http\Controllers\AccountingController@getTrialBalance; Returns HTTP 200/201 JSON contract,Parameterized SQL query/mutation on schema himoto,N/A,PASS (Commit 2b49116),PASS (100% Parity),PASS (100% Parity),routes/api.php -> App\Http\Controllers\AccountingController@getTrialBalance
API-019,Accounting,POST /api/auth/accounting/vat-documents,API_ENDPOINT,Authenticated User,Enforced by non.sale or store middleware,Valid JWT token in Authorization header,HTTP Request body/params,N/A,Handler: App\Http\Controllers\AccountingController@saveVatDocument; Returns HTTP 200/201 JSON contract,Parameterized SQL query/mutation on schema himoto,N/A,PASS (Commit 2b49116),PASS (100% Parity),PASS (100% Parity),routes/api.php -> App\Http\Controllers\AccountingController@saveVatDocument
API-020,Accounting,DELETE /api/auth/accounting/vat-documents/{id},API_ENDPOINT,Authenticated User,Enforced by non.sale or store middleware,Valid JWT token in Authorization header,HTTP Request body/params,N/A,Handler: App\Http\Controllers\AccountingController@deleteVatDocument; Returns HTTP 200/201 JSON contract,Parameterized SQL query/mutation on schema himoto,N/A,PASS (Commit 2b49116),PASS (100% Parity),PASS (100% Parity),routes/api.php -> App\Http\Controllers\AccountingController@deleteVatDocument
API-021,Banks,GET|HEAD /api/auth/banks,API_ENDPOINT,Authenticated User,Enforced by non.sale or store middleware,Valid JWT token in Authorization header,HTTP Request body/params,N/A,Handler: App\Http\Controllers\BankController@index; Returns HTTP 200/201 JSON contract,Parameterized SQL query/mutation on schema himoto,N/A,PASS (Commit 2b49116),PASS (100% Parity),PASS (100% Parity),routes/api.php -> App\Http\Controllers\BankController@index
API-022,Banks,POST /api/auth/banks,API_ENDPOINT,Admin,Global or Store-scoped,Valid JWT token in Authorization header,HTTP Request body/params,N/A,Handler: App\Http\Controllers\BankController@store; Returns HTTP 200/201 JSON contract,Parameterized SQL query/mutation on schema himoto,N/A,PASS (Commit 2b49116),PASS (100% Parity),PASS (100% Parity),routes/api.php -> App\Http\Controllers\BankController@store
API-023,Banks,GET|HEAD /api/auth/banks/all,API_ENDPOINT,Authenticated User,Enforced by non.sale or store middleware,Valid JWT token in Authorization header,HTTP Request body/params,N/A,Handler: App\Http\Controllers\BankController@all; Returns HTTP 200/201 JSON contract,Parameterized SQL query/mutation on schema himoto,N/A,PASS (Commit 2b49116),PASS (100% Parity),PASS (100% Parity),routes/api.php -> App\Http\Controllers\BankController@all
API-024,Banks,PUT /api/auth/banks/update/{bank},API_ENDPOINT,Admin,Global or Store-scoped,Valid JWT token in Authorization header,HTTP Request body/params,N/A,Handler: App\Http\Controllers\BankController@update; Returns HTTP 200/201 JSON contract,Parameterized SQL query/mutation on schema himoto,N/A,PASS (Commit 2b49116),PASS (100% Parity),PASS (100% Parity),routes/api.php -> App\Http\Controllers\BankController@update
API-025,Banks,GET|HEAD /api/auth/banks/{bank},API_ENDPOINT,Authenticated User,Enforced by non.sale or store middleware,Valid JWT token in Authorization header,HTTP Request body/params,N/A,Handler: App\Http\Controllers\BankController@show; Returns HTTP 200/201 JSON contract,Parameterized SQL query/mutation on schema himoto,N/A,PASS (Commit 2b49116),PASS (100% Parity),PASS (100% Parity),routes/api.php -> App\Http\Controllers\BankController@show
API-026,Banks,DELETE /api/auth/banks/{bank},API_ENDPOINT,Admin,Global or Store-scoped,Valid JWT token in Authorization header,HTTP Request body/params,N/A,Handler: App\Http\Controllers\BankController@destroy; Returns HTTP 200/201 JSON contract,Parameterized SQL query/mutation on schema himoto,N/A,PASS (Commit 2b49116),PASS (100% Parity),PASS (100% Parity),routes/api.php -> App\Http\Controllers\BankController@destroy
API-027,Cash Funds,POST /api/auth/cash,API_ENDPOINT,Admin,Global or Store-scoped,Valid JWT token in Authorization header,HTTP Request body/params,N/A,Handler: App\Http\Controllers\CashController@store; Returns HTTP 200/201 JSON contract,Parameterized SQL query/mutation on schema himoto,N/A,PASS (Commit 2b49116),PASS (100% Parity),PASS (100% Parity),routes/api.php -> App\Http\Controllers\CashController@store
API-028,Cash Funds,GET|HEAD /api/auth/cash,API_ENDPOINT,Authenticated User,Enforced by non.sale or store middleware,Valid JWT token in Authorization header,HTTP Request body/params,N/A,Handler: App\Http\Controllers\CashController@index; Returns HTTP 200/201 JSON contract,Parameterized SQL query/mutation on schema himoto,N/A,PASS (Commit 2b49116),PASS (100% Parity),PASS (100% Parity),routes/api.php -> App\Http\Controllers\CashController@index
API-029,Cash Funds,GET|HEAD /api/auth/cash/all,API_ENDPOINT,Authenticated User,Enforced by non.sale or store middleware,Valid JWT token in Authorization header,HTTP Request body/params,N/A,Handler: App\Http\Controllers\CashController@all; Returns HTTP 200/201 JSON contract,Parameterized SQL query/mutation on schema himoto,N/A,PASS (Commit 2b49116),PASS (100% Parity),PASS (100% Parity),routes/api.php -> App\Http\Controllers\CashController@all
API-030,Cash Funds,PUT /api/auth/cash/update/{cash},API_ENDPOINT,Admin,Global or Store-scoped,Valid JWT token in Authorization header,HTTP Request body/params,N/A,Handler: App\Http\Controllers\CashController@update; Returns HTTP 200/201 JSON contract,Parameterized SQL query/mutation on schema himoto,N/A,PASS (Commit 2b49116),PASS (100% Parity),PASS (100% Parity),routes/api.php -> App\Http\Controllers\CashController@update
API-031,Cash Funds,DELETE /api/auth/cash/{cash},API_ENDPOINT,Admin,Global or Store-scoped,Valid JWT token in Authorization header,HTTP Request body/params,N/A,Handler: App\Http\Controllers\CashController@destroy; Returns HTTP 200/201 JSON contract,Parameterized SQL query/mutation on schema himoto,N/A,PASS (Commit 2b49116),PASS (100% Parity),PASS (100% Parity),routes/api.php -> App\Http\Controllers\CashController@destroy
API-032,Cash Funds,GET|HEAD /api/auth/cash/{cash},API_ENDPOINT,Authenticated User,Enforced by non.sale or store middleware,Valid JWT token in Authorization header,HTTP Request body/params,N/A,Handler: App\Http\Controllers\CashController@show; Returns HTTP 200/201 JSON contract,Parameterized SQL query/mutation on schema himoto,N/A,PASS (Commit 2b49116),PASS (100% Parity),PASS (100% Parity),routes/api.php -> App\Http\Controllers\CashController@show
API-033,General API,POST /api/auth/change-pass,API_ENDPOINT,Authenticated User,Global or Store-scoped,Valid JWT token in Authorization header,HTTP Request body/params,N/A,Handler: App\Http\Controllers\AuthController@changePassWord; Returns HTTP 200/201 JSON contract,Parameterized SQL query/mutation on schema himoto,N/A,PASS (Commit 2b49116),PASS (100% Parity),PASS (100% Parity),routes/api.php -> App\Http\Controllers\AuthController@changePassWord
API-034,Customer Reminders,GET|HEAD /api/auth/customer-reminders/action-list,API_ENDPOINT,Authenticated User,Enforced by non.sale or store middleware,Valid JWT token in Authorization header,HTTP Request body/params,N/A,Handler: App\Http\Controllers\CustomerReminderController@actionList; Returns HTTP 200/201 JSON contract,Parameterized SQL query/mutation on schema himoto,N/A,PASS (Commit 2b49116),PASS (100% Parity),PASS (100% Parity),routes/api.php -> App\Http\Controllers\CustomerReminderController@actionList
API-035,Customer Reminders,POST /api/auth/customer-reminders/dispatch,API_ENDPOINT,Authenticated User,Enforced by non.sale or store middleware,Valid JWT token in Authorization header,HTTP Request body/params,N/A,Handler: App\Http\Controllers\CustomerReminderController@dispatchOutbox; Returns HTTP 200/201 JSON contract,Parameterized SQL query/mutation on schema himoto,N/A,PASS (Commit 2b49116),PASS (100% Parity),PASS (100% Parity),routes/api.php -> App\Http\Controllers\CustomerReminderController@dispatchOutbox
API-036,Customer Reminders,POST /api/auth/customer-reminders/scan,API_ENDPOINT,Authenticated User,Enforced by non.sale or store middleware,Valid JWT token in Authorization header,HTTP Request body/params,N/A,Handler: App\Http\Controllers\CustomerReminderController@scan; Returns HTTP 200/201 JSON contract,Parameterized SQL query/mutation on schema himoto,N/A,PASS (Commit 2b49116),PASS (100% Parity),PASS (100% Parity),routes/api.php -> App\Http\Controllers\CustomerReminderController@scan
API-037,Customers,GET|HEAD /api/auth/customers,API_ENDPOINT,Authenticated User,Enforced by non.sale or store middleware,Valid JWT token in Authorization header,HTTP Request body/params,N/A,Handler: App\Http\Controllers\Customer\CustomerController@index; Returns HTTP 200/201 JSON contract,Parameterized SQL query/mutation on schema himoto,N/A,PASS (Commit 2b49116),PASS (100% Parity),PASS (100% Parity),routes/api.php -> App\Http\Controllers\Customer\CustomerController@index
API-038,Customers,POST /api/auth/customers,API_ENDPOINT,Authenticated User,Enforced by non.sale or store middleware,Valid JWT token in Authorization header,HTTP Request body/params,N/A,Handler: App\Http\Controllers\Customer\CustomerController@store; Returns HTTP 200/201 JSON contract,Parameterized SQL query/mutation on schema himoto,N/A,PASS (Commit 2b49116),PASS (100% Parity),PASS (100% Parity),routes/api.php -> App\Http\Controllers\Customer\CustomerController@store
API-039,Customers,GET|HEAD /api/auth/customers/search-by-id-card,API_ENDPOINT,Authenticated User,Enforced by non.sale or store middleware,Valid JWT token in Authorization header,HTTP Request body/params,N/A,Handler: App\Http\Controllers\Customer\CustomerController@searchCustomerByIdCard; Returns HTTP 200/201 JSON contract,Parameterized SQL query/mutation on schema himoto,N/A,PASS (Commit 2b49116),PASS (100% Parity),PASS (100% Parity),routes/api.php -> App\Http\Controllers\Customer\CustomerController@searchCustomerByIdCard
API-040,Customers,PUT /api/auth/customers/{customer},API_ENDPOINT,Authenticated User,Enforced by non.sale or store middleware,Valid JWT token in Authorization header,HTTP Request body/params,N/A,Handler: App\Http\Controllers\Customer\CustomerController@update; Returns HTTP 200/201 JSON contract,Parameterized SQL query/mutation on schema himoto,N/A,PASS (Commit 2b49116),PASS (100% Parity),PASS (100% Parity),routes/api.php -> App\Http\Controllers\Customer\CustomerController@update
API-041,Customers,DELETE /api/auth/customers/{customer},API_ENDPOINT,Authenticated User,Enforced by non.sale or store middleware,Valid JWT token in Authorization header,HTTP Request body/params,N/A,Handler: App\Http\Controllers\Customer\CustomerController@destroy; Returns HTTP 200/201 JSON contract,Parameterized SQL query/mutation on schema himoto,N/A,PASS (Commit 2b49116),PASS (100% Parity),PASS (100% Parity),routes/api.php -> App\Http\Controllers\Customer\CustomerController@destroy
API-042,Customers,GET|HEAD /api/auth/customers/{customer},API_ENDPOINT,Authenticated User,Enforced by non.sale or store middleware,Valid JWT token in Authorization header,HTTP Request body/params,N/A,Handler: App\Http\Controllers\Customer\CustomerController@show; Returns HTTP 200/201 JSON contract,Parameterized SQL query/mutation on schema himoto,N/A,PASS (Commit 2b49116),PASS (100% Parity),PASS (100% Parity),routes/api.php -> App\Http\Controllers\Customer\CustomerController@show
API-043,Cash Funds,POST /api/auth/daily-cash-registers/close,API_ENDPOINT,Authenticated User,Enforced by non.sale or store middleware,Valid JWT token in Authorization header,HTTP Request body/params,N/A,Handler: App\Http\Controllers\DailyCashRegisterController@close; Returns HTTP 200/201 JSON contract,Parameterized SQL query/mutation on schema himoto,N/A,PASS (Commit 2b49116),PASS (100% Parity),PASS (100% Parity),routes/api.php -> App\Http\Controllers\DailyCashRegisterController@close
API-044,Cash Funds,POST /api/auth/daily-cash-registers/entries,API_ENDPOINT,Authenticated User,Enforced by non.sale or store middleware,Valid JWT token in Authorization header,HTTP Request body/params,N/A,Handler: App\Http\Controllers\DailyCashRegisterController@storeEntry; Returns HTTP 200/201 JSON contract,Parameterized SQL query/mutation on schema himoto,N/A,PASS (Commit 2b49116),PASS (100% Parity),PASS (100% Parity),routes/api.php -> App\Http\Controllers\DailyCashRegisterController@storeEntry
API-045,Cash Funds,POST /api/auth/daily-cash-registers/exchanges,API_ENDPOINT,Authenticated User,Enforced by non.sale or store middleware,Valid JWT token in Authorization header,HTTP Request body/params,N/A,Handler: App\Http\Controllers\DailyCashRegisterController@storeExchange; Returns HTTP 200/201 JSON contract,Parameterized SQL query/mutation on schema himoto,N/A,PASS (Commit 2b49116),PASS (100% Parity),PASS (100% Parity),routes/api.php -> App\Http\Controllers\DailyCashRegisterController@storeExchange
API-046,Cash Funds,GET|HEAD /api/auth/daily-cash-registers/history,API_ENDPOINT,Authenticated User,Enforced by non.sale or store middleware,Valid JWT token in Authorization header,HTTP Request body/params,N/A,Handler: App\Http\Controllers\DailyCashRegisterController@history; Returns HTTP 200/201 JSON contract,Parameterized SQL query/mutation on schema himoto,N/A,PASS (Commit 2b49116),PASS (100% Parity),PASS (100% Parity),routes/api.php -> App\Http\Controllers\DailyCashRegisterController@history
API-047,Cash Funds,POST /api/auth/daily-cash-registers/reopen,API_ENDPOINT,Authenticated User,Enforced by non.sale or store middleware,Valid JWT token in Authorization header,HTTP Request body/params,N/A,Handler: App\Http\Controllers\DailyCashRegisterController@reopen; Returns HTTP 200/201 JSON contract,Parameterized SQL query/mutation on schema himoto,N/A,PASS (Commit 2b49116),PASS (100% Parity),PASS (100% Parity),routes/api.php -> App\Http\Controllers\DailyCashRegisterController@reopen
API-048,Cash Funds,GET|HEAD /api/auth/daily-cash-registers/sources,API_ENDPOINT,Authenticated User,Enforced by non.sale or store middleware,Valid JWT token in Authorization header,HTTP Request body/params,N/A,Handler: App\Http\Controllers\DailyCashRegisterController@sources; Returns HTTP 200/201 JSON contract,Parameterized SQL query/mutation on schema himoto,N/A,PASS (Commit 2b49116),PASS (100% Parity),PASS (100% Parity),routes/api.php -> App\Http\Controllers\DailyCashRegisterController@sources
API-049,Cash Funds,GET|HEAD /api/auth/daily-cash-registers/summary,API_ENDPOINT,Authenticated User,Enforced by non.sale or store middleware,Valid JWT token in Authorization header,HTTP Request body/params,N/A,Handler: App\Http\Controllers\DailyCashRegisterController@summary; Returns HTTP 200/201 JSON contract,Parameterized SQL query/mutation on schema himoto,N/A,PASS (Commit 2b49116),PASS (100% Parity),PASS (100% Parity),routes/api.php -> App\Http\Controllers\DailyCashRegisterController@summary
API-050,Cash Funds,GET|HEAD /api/auth/daily-cash-registers/transactions,API_ENDPOINT,Authenticated User,Enforced by non.sale or store middleware,Valid JWT token in Authorization header,HTTP Request body/params,N/A,Handler: App\Http\Controllers\DailyCashRegisterController@transactions; Returns HTTP 200/201 JSON contract,Parameterized SQL query/mutation on schema himoto,N/A,PASS (Commit 2b49116),PASS (100% Parity),PASS (100% Parity),routes/api.php -> App\Http\Controllers\DailyCashRegisterController@transactions
API-051,Dashboard,GET|HEAD /api/auth/dashboard/overview,API_ENDPOINT,Authenticated User,Enforced by non.sale or store middleware,Valid JWT token in Authorization header,HTTP Request body/params,N/A,Handler: App\Http\Controllers\DashboardController@overview; Returns HTTP 200/201 JSON contract,Parameterized SQL query/mutation on schema himoto,N/A,PASS (Commit 2b49116),PASS (100% Parity),PASS (100% Parity),routes/api.php -> App\Http\Controllers\DashboardController@overview
API-052,Dashboard,GET|HEAD /api/auth/dashboard/report,API_ENDPOINT,Authenticated User,Enforced by non.sale or store middleware,Valid JWT token in Authorization header,HTTP Request body/params,N/A,Handler: App\Http\Controllers\DashboardController@report; Returns HTTP 200/201 JSON contract,Parameterized SQL query/mutation on schema himoto,N/A,PASS (Commit 2b49116),PASS (100% Parity),PASS (100% Parity),routes/api.php -> App\Http\Controllers\DashboardController@report
API-053,Dashboard,GET|HEAD /api/auth/dashboard/report-chart,API_ENDPOINT,Authenticated User,Enforced by non.sale or store middleware,Valid JWT token in Authorization header,HTTP Request body/params,N/A,Handler: App\Http\Controllers\DashboardController@reportChart; Returns HTTP 200/201 JSON contract,Parameterized SQL query/mutation on schema himoto,N/A,PASS (Commit 2b49116),PASS (100% Parity),PASS (100% Parity),routes/api.php -> App\Http\Controllers\DashboardController@reportChart
API-054,Banks,GET|HEAD /api/auth/export/banks,API_ENDPOINT,Authenticated User,Enforced by non.sale or store middleware,Valid JWT token in Authorization header,HTTP Request body/params,N/A,Handler: App\Http\Controllers\ExportsController@banks; Returns HTTP 200/201 JSON contract,Parameterized SQL query/mutation on schema himoto,N/A,PASS (Commit 2b49116),PASS (100% Parity),PASS (100% Parity),routes/api.php -> App\Http\Controllers\ExportsController@banks
API-055,Cash Funds,GET|HEAD /api/auth/export/cash,API_ENDPOINT,Authenticated User,Enforced by non.sale or store middleware,Valid JWT token in Authorization header,HTTP Request body/params,N/A,Handler: App\Http\Controllers\ExportsController@cash; Returns HTTP 200/201 JSON contract,Parameterized SQL query/mutation on schema himoto,N/A,PASS (Commit 2b49116),PASS (100% Parity),PASS (100% Parity),routes/api.php -> App\Http\Controllers\ExportsController@cash
API-056,Customers,GET|HEAD /api/auth/export/customers,API_ENDPOINT,Authenticated User,Enforced by non.sale or store middleware,Valid JWT token in Authorization header,HTTP Request body/params,N/A,Handler: App\Http\Controllers\ExportsController@customers; Returns HTTP 200/201 JSON contract,Parameterized SQL query/mutation on schema himoto,N/A,PASS (Commit 2b49116),PASS (100% Parity),PASS (100% Parity),routes/api.php -> App\Http\Controllers\ExportsController@customers
API-057,General API,GET|HEAD /api/auth/export/general_reports,API_ENDPOINT,Authenticated User,Enforced by non.sale or store middleware,Valid JWT token in Authorization header,HTTP Request body/params,N/A,Handler: App\Http\Controllers\ExportsController@generalReports; Returns HTTP 200/201 JSON contract,Parameterized SQL query/mutation on schema himoto,N/A,PASS (Commit 2b49116),PASS (100% Parity),PASS (100% Parity),routes/api.php -> App\Http\Controllers\ExportsController@generalReports
API-058,General API,GET|HEAD /api/auth/export/orders,API_ENDPOINT,Authenticated User,Enforced by non.sale or store middleware,Valid JWT token in Authorization header,HTTP Request body/params,N/A,Handler: App\Http\Controllers\ExportsController@orders; Returns HTTP 200/201 JSON contract,Parameterized SQL query/mutation on schema himoto,N/A,PASS (Commit 2b49116),PASS (100% Parity),PASS (100% Parity),routes/api.php -> App\Http\Controllers\ExportsController@orders
API-059,Transactions,GET|HEAD /api/auth/export/transactions,API_ENDPOINT,Authenticated User,Enforced by non.sale or store middleware,Valid JWT token in Authorization header,HTTP Request body/params,N/A,Handler: App\Http\Controllers\ExportsController@transactions; Returns HTTP 200/201 JSON contract,Parameterized SQL query/mutation on schema himoto,N/A,PASS (Commit 2b49116),PASS (100% Parity),PASS (100% Parity),routes/api.php -> App\Http\Controllers\ExportsController@transactions
API-060,General API,GET|HEAD /api/auth/export/vehicle_revenue,API_ENDPOINT,Authenticated User,Enforced by non.sale or store middleware,Valid JWT token in Authorization header,HTTP Request body/params,N/A,Handler: App\Http\Controllers\ExportsController@vehicleRevenue; Returns HTTP 200/201 JSON contract,Parameterized SQL query/mutation on schema himoto,N/A,PASS (Commit 2b49116),PASS (100% Parity),PASS (100% Parity),routes/api.php -> App\Http\Controllers\ExportsController@vehicleRevenue
API-061,Vehicles,GET|HEAD /api/auth/export/vehicles,API_ENDPOINT,Authenticated User,Enforced by non.sale or store middleware,Valid JWT token in Authorization header,HTTP Request body/params,N/A,Handler: App\Http\Controllers\ExportsController@vehicles; Returns HTTP 200/201 JSON contract,Parameterized SQL query/mutation on schema himoto,N/A,PASS (Commit 2b49116),PASS (100% Parity),PASS (100% Parity),routes/api.php -> App\Http\Controllers\ExportsController@vehicles
API-062,General API,POST /api/auth/file/upload-images,API_ENDPOINT,Authenticated User,Enforced by non.sale or store middleware,Valid JWT token in Authorization header,HTTP Request body/params,N/A,Handler: App\Http\Controllers\FileController@uploadImages; Returns HTTP 200/201 JSON contract,Parameterized SQL query/mutation on schema himoto,N/A,PASS (Commit 2b49116),PASS (100% Parity),PASS (100% Parity),routes/api.php -> App\Http\Controllers\FileController@uploadImages
API-063,General API,DELETE /api/auth/file/{file_id},API_ENDPOINT,Authenticated User,Enforced by non.sale or store middleware,Valid JWT token in Authorization header,HTTP Request body/params,N/A,Handler: App\Http\Controllers\FileController@destroy; Returns HTTP 200/201 JSON contract,Parameterized SQL query/mutation on schema himoto,N/A,PASS (Commit 2b49116),PASS (100% Parity),PASS (100% Parity),routes/api.php -> App\Http\Controllers\FileController@destroy
API-064,General API,GET|HEAD /api/auth/gps/devices/{deviceId}/history,API_ENDPOINT,Authenticated User,Enforced by non.sale or store middleware,Valid JWT token in Authorization header,HTTP Request body/params,N/A,Handler: App\Http\Controllers\CustomerReminderController@gpsDeviceHistory; Returns HTTP 200/201 JSON contract,Parameterized SQL query/mutation on schema himoto,N/A,PASS (Commit 2b49116),PASS (100% Parity),PASS (100% Parity),routes/api.php -> App\Http\Controllers\CustomerReminderController@gpsDeviceHistory
API-065,General API,POST /api/auth/gps/devices/{deviceId}/sync,API_ENDPOINT,Authenticated User,Enforced by non.sale or store middleware,Valid JWT token in Authorization header,HTTP Request body/params,N/A,Handler: App\Http\Controllers\CustomerReminderController@gpsSyncDevice; Returns HTTP 200/201 JSON contract,Parameterized SQL query/mutation on schema himoto,N/A,PASS (Commit 2b49116),PASS (100% Parity),PASS (100% Parity),routes/api.php -> App\Http\Controllers\CustomerReminderController@gpsSyncDevice
API-066,General API,GET|HEAD /api/auth/gps/overview,API_ENDPOINT,Authenticated User,Enforced by non.sale or store middleware,Valid JWT token in Authorization header,HTTP Request body/params,N/A,Handler: App\Http\Controllers\CustomerReminderController@gpsOverview; Returns HTTP 200/201 JSON contract,Parameterized SQL query/mutation on schema himoto,N/A,PASS (Commit 2b49116),PASS (100% Parity),PASS (100% Parity),routes/api.php -> App\Http\Controllers\CustomerReminderController@gpsOverview
API-067,General API,POST /api/auth/gps/recovery-actions,API_ENDPOINT,Authenticated User,Enforced by non.sale or store middleware,Valid JWT token in Authorization header,HTTP Request body/params,N/A,Handler: App\Http\Controllers\CustomerReminderController@gpsRecoveryAction; Returns HTTP 200/201 JSON contract,Parameterized SQL query/mutation on schema himoto,N/A,PASS (Commit 2b49116),PASS (100% Parity),PASS (100% Parity),routes/api.php -> App\Http\Controllers\CustomerReminderController@gpsRecoveryAction
API-068,General API,POST /api/auth/hr/attendance,API_ENDPOINT,Authenticated User,Enforced by non.sale or store middleware,Valid JWT token in Authorization header,HTTP Request body/params,N/A,Handler: App\Http\Controllers\HrController@attendanceStore; Returns HTTP 200/201 JSON contract,Parameterized SQL query/mutation on schema himoto,N/A,PASS (Commit 2b49116),PASS (100% Parity),PASS (100% Parity),routes/api.php -> App\Http\Controllers\HrController@attendanceStore
API-069,General API,GET|HEAD /api/auth/hr/attendance,API_ENDPOINT,Authenticated User,Enforced by non.sale or store middleware,Valid JWT token in Authorization header,HTTP Request body/params,N/A,Handler: App\Http\Controllers\HrController@attendanceIndex; Returns HTTP 200/201 JSON contract,Parameterized SQL query/mutation on schema himoto,N/A,PASS (Commit 2b49116),PASS (100% Parity),PASS (100% Parity),routes/api.php -> App\Http\Controllers\HrController@attendanceIndex
API-070,HR & Shifts,GET|HEAD /api/auth/hr/duty-schedules,API_ENDPOINT,Authenticated User,Enforced by non.sale or store middleware,Valid JWT token in Authorization header,HTTP Request body/params,N/A,Handler: App\Http\Controllers\HrController@dutySchedules; Returns HTTP 200/201 JSON contract,Parameterized SQL query/mutation on schema himoto,N/A,PASS (Commit 2b49116),PASS (100% Parity),PASS (100% Parity),routes/api.php -> App\Http\Controllers\HrController@dutySchedules
API-071,HR & Shifts,POST /api/auth/hr/duty-schedules,API_ENDPOINT,Authenticated User,Enforced by non.sale or store middleware,Valid JWT token in Authorization header,HTTP Request body/params,N/A,Handler: App\Http\Controllers\HrController@saveDutySchedule; Returns HTTP 200/201 JSON contract,Parameterized SQL query/mutation on schema himoto,N/A,PASS (Commit 2b49116),PASS (100% Parity),PASS (100% Parity),routes/api.php -> App\Http\Controllers\HrController@saveDutySchedule
API-072,HR & Shifts,DELETE /api/auth/hr/duty-schedules/{id},API_ENDPOINT,Authenticated User,Enforced by non.sale or store middleware,Valid JWT token in Authorization header,HTTP Request body/params,N/A,Handler: App\Http\Controllers\HrController@deleteDutySchedule; Returns HTTP 200/201 JSON contract,Parameterized SQL query/mutation on schema himoto,N/A,PASS (Commit 2b49116),PASS (100% Parity),PASS (100% Parity),routes/api.php -> App\Http\Controllers\HrController@deleteDutySchedule
API-073,General API,GET|HEAD /api/auth/hr/organization-chart,API_ENDPOINT,Authenticated User,Enforced by non.sale or store middleware,Valid JWT token in Authorization header,HTTP Request body/params,N/A,Handler: App\Http\Controllers\HrController@organizationChart; Returns HTTP 200/201 JSON contract,Parameterized SQL query/mutation on schema himoto,N/A,PASS (Commit 2b49116),PASS (100% Parity),PASS (100% Parity),routes/api.php -> App\Http\Controllers\HrController@organizationChart
API-074,General API,POST /api/auth/hr/staff,API_ENDPOINT,Authenticated User,Enforced by non.sale or store middleware,Valid JWT token in Authorization header,HTTP Request body/params,N/A,Handler: App\Http\Controllers\HrController@staffStore; Returns HTTP 200/201 JSON contract,Parameterized SQL query/mutation on schema himoto,N/A,PASS (Commit 2b49116),PASS (100% Parity),PASS (100% Parity),routes/api.php -> App\Http\Controllers\HrController@staffStore
API-075,General API,GET|HEAD /api/auth/hr/staff,API_ENDPOINT,Authenticated User,Enforced by non.sale or store middleware,Valid JWT token in Authorization header,HTTP Request body/params,N/A,Handler: App\Http\Controllers\HrController@staffIndex; Returns HTTP 200/201 JSON contract,Parameterized SQL query/mutation on schema himoto,N/A,PASS (Commit 2b49116),PASS (100% Parity),PASS (100% Parity),routes/api.php -> App\Http\Controllers\HrController@staffIndex
API-076,Leads,GET|HEAD /api/auth/leads,API_ENDPOINT,Authenticated User,Global or Store-scoped,Valid JWT token in Authorization header,HTTP Request body/params,N/A,Handler: App\Http\Controllers\LeadController@index; Returns HTTP 200/201 JSON contract,Parameterized SQL query/mutation on schema himoto,N/A,PASS (Commit 2b49116),PASS (100% Parity),PASS (100% Parity),routes/api.php -> App\Http\Controllers\LeadController@index
API-077,Leads,POST /api/auth/leads,API_ENDPOINT,Authenticated User,Global or Store-scoped,Valid JWT token in Authorization header,HTTP Request body/params,N/A,Handler: App\Http\Controllers\LeadController@create; Returns HTTP 200/201 JSON contract,Parameterized SQL query/mutation on schema himoto,N/A,PASS (Commit 2b49116),PASS (100% Parity),PASS (100% Parity),routes/api.php -> App\Http\Controllers\LeadController@create
API-078,Leads,GET|HEAD /api/auth/leads/unique-users,API_ENDPOINT,Authenticated User,Global or Store-scoped,Valid JWT token in Authorization header,HTTP Request body/params,N/A,Handler: App\Http\Controllers\LeadController@uniqueUsers; Returns HTTP 200/201 JSON contract,Parameterized SQL query/mutation on schema himoto,N/A,PASS (Commit 2b49116),PASS (100% Parity),PASS (100% Parity),routes/api.php -> App\Http\Controllers\LeadController@uniqueUsers
API-079,Leads,GET|HEAD /api/auth/leads/{id},API_ENDPOINT,Authenticated User,Global or Store-scoped,Valid JWT token in Authorization header,HTTP Request body/params,N/A,Handler: App\Http\Controllers\LeadController@show; Returns HTTP 200/201 JSON contract,Parameterized SQL query/mutation on schema himoto,N/A,PASS (Commit 2b49116),PASS (100% Parity),PASS (100% Parity),routes/api.php -> App\Http\Controllers\LeadController@show
API-080,Leads,POST /api/auth/leads/{lead},API_ENDPOINT,Authenticated User,Global or Store-scoped,Valid JWT token in Authorization header,HTTP Request body/params,N/A,Handler: App\Http\Controllers\LeadController@destroy; Returns HTTP 200/201 JSON contract,Parameterized SQL query/mutation on schema himoto,N/A,PASS (Commit 2b49116),PASS (100% Parity),PASS (100% Parity),routes/api.php -> App\Http\Controllers\LeadController@destroy
API-081,Leads,PUT /api/auth/leads/{lead},API_ENDPOINT,Authenticated User,Global or Store-scoped,Valid JWT token in Authorization header,HTTP Request body/params,N/A,Handler: App\Http\Controllers\LeadController@update; Returns HTTP 200/201 JSON contract,Parameterized SQL query/mutation on schema himoto,N/A,PASS (Commit 2b49116),PASS (100% Parity),PASS (100% Parity),routes/api.php -> App\Http\Controllers\LeadController@update
API-082,General API,POST /api/auth/lease-contracts,API_ENDPOINT,Authenticated User,Enforced by non.sale or store middleware,Valid JWT token in Authorization header,HTTP Request body/params,N/A,Handler: App\Http\Controllers\LeaseContractController@store; Returns HTTP 200/201 JSON contract,Parameterized SQL query/mutation on schema himoto,N/A,PASS (Commit 2b49116),PASS (100% Parity),PASS (100% Parity),routes/api.php -> App\Http\Controllers\LeaseContractController@store
API-083,General API,GET|HEAD /api/auth/lease-contracts,API_ENDPOINT,Authenticated User,Enforced by non.sale or store middleware,Valid JWT token in Authorization header,HTTP Request body/params,N/A,Handler: App\Http\Controllers\LeaseContractController@index; Returns HTTP 200/201 JSON contract,Parameterized SQL query/mutation on schema himoto,N/A,PASS (Commit 2b49116),PASS (100% Parity),PASS (100% Parity),routes/api.php -> App\Http\Controllers\LeaseContractController@index
API-084,General API,GET|HEAD /api/auth/lease-contracts/export,API_ENDPOINT,Authenticated User,Enforced by non.sale or store middleware,Valid JWT token in Authorization header,HTTP Request body/params,N/A,Handler: App\Http\Controllers\LeaseContractController@export; Returns HTTP 200/201 JSON contract,Parameterized SQL query/mutation on schema himoto,N/A,PASS (Commit 2b49116),PASS (100% Parity),PASS (100% Parity),routes/api.php -> App\Http\Controllers\LeaseContractController@export
API-085,General API,POST /api/auth/lease-contracts/reverse-allocation/{allocationId},API_ENDPOINT,Authenticated User,Enforced by non.sale or store middleware,Valid JWT token in Authorization header,HTTP Request body/params,N/A,Handler: App\Http\Controllers\LeaseContractController@reverse; Returns HTTP 200/201 JSON contract,Parameterized SQL query/mutation on schema himoto,N/A,PASS (Commit 2b49116),PASS (100% Parity),PASS (100% Parity),routes/api.php -> App\Http\Controllers\LeaseContractController@reverse
API-086,General API,GET|HEAD /api/auth/lease-contracts/stats,API_ENDPOINT,Authenticated User,Enforced by non.sale or store middleware,Valid JWT token in Authorization header,HTTP Request body/params,N/A,Handler: App\Http\Controllers\LeaseContractController@stats; Returns HTTP 200/201 JSON contract,Parameterized SQL query/mutation on schema himoto,N/A,PASS (Commit 2b49116),PASS (100% Parity),PASS (100% Parity),routes/api.php -> App\Http\Controllers\LeaseContractController@stats
API-087,General API,GET|HEAD /api/auth/lease-contracts/{id},API_ENDPOINT,Authenticated User,Enforced by non.sale or store middleware,Valid JWT token in Authorization header,HTTP Request body/params,N/A,Handler: App\Http\Controllers\LeaseContractController@show; Returns HTTP 200/201 JSON contract,Parameterized SQL query/mutation on schema himoto,N/A,PASS (Commit 2b49116),PASS (100% Parity),PASS (100% Parity),routes/api.php -> App\Http\Controllers\LeaseContractController@show
API-088,General API,GET|HEAD /api/auth/lease-contracts/{id}/debt-statement.pdf,API_ENDPOINT,Authenticated User,Enforced by non.sale or store middleware,Valid JWT token in Authorization header,HTTP Request body/params,N/A,Handler: App\Http\Controllers\LeaseContractController@debtStatementPdf; Returns HTTP 200/201 JSON contract,Parameterized SQL query/mutation on schema himoto,N/A,PASS (Commit 2b49116),PASS (100% Parity),PASS (100% Parity),routes/api.php -> App\Http\Controllers\LeaseContractController@debtStatementPdf
API-089,General API,POST /api/auth/lease-contracts/{id}/notes,API_ENDPOINT,Authenticated User,Enforced by non.sale or store middleware,Valid JWT token in Authorization header,HTTP Request body/params,N/A,Handler: App\Http\Controllers\LeaseContractController@addNote; Returns HTTP 200/201 JSON contract,Parameterized SQL query/mutation on schema himoto,N/A,PASS (Commit 2b49116),PASS (100% Parity),PASS (100% Parity),routes/api.php -> App\Http\Controllers\LeaseContractController@addNote
API-090,General API,POST /api/auth/lease-contracts/{id}/ownership-requests,API_ENDPOINT,Authenticated User,Enforced by non.sale or store middleware,Valid JWT token in Authorization header,HTTP Request body/params,N/A,Handler: App\Http\Controllers\LeaseOwnershipController@createDraft; Returns HTTP 200/201 JSON contract,Parameterized SQL query/mutation on schema himoto,N/A,PASS (Commit 2b49116),PASS (100% Parity),PASS (100% Parity),routes/api.php -> App\Http\Controllers\LeaseOwnershipController@createDraft
API-091,General API,POST /api/auth/lease-contracts/{id}/payments,API_ENDPOINT,Authenticated User,Enforced by non.sale or store middleware,Valid JWT token in Authorization header,HTTP Request body/params,N/A,Handler: App\Http\Controllers\LeaseContractController@allocatePayment; Returns HTTP 200/201 JSON contract,Parameterized SQL query/mutation on schema himoto,N/A,PASS (Commit 2b49116),PASS (100% Parity),PASS (100% Parity),routes/api.php -> App\Http\Controllers\LeaseContractController@allocatePayment
API-092,General API,GET|HEAD /api/auth/lease-contracts/{id}/pdf,API_ENDPOINT,Authenticated User,Enforced by non.sale or store middleware,Valid JWT token in Authorization header,HTTP Request body/params,N/A,Handler: App\Http\Controllers\LeaseContractController@pdf; Returns HTTP 200/201 JSON contract,Parameterized SQL query/mutation on schema himoto,N/A,PASS (Commit 2b49116),PASS (100% Parity),PASS (100% Parity),routes/api.php -> App\Http\Controllers\LeaseContractController@pdf
API-093,General API,POST /api/auth/lease-contracts/{id}/settle,API_ENDPOINT,Authenticated User,Enforced by non.sale or store middleware,Valid JWT token in Authorization header,HTTP Request body/params,N/A,Handler: App\Http\Controllers\LeaseContractController@settle; Returns HTTP 200/201 JSON contract,Parameterized SQL query/mutation on schema himoto,N/A,PASS (Commit 2b49116),PASS (100% Parity),PASS (100% Parity),routes/api.php -> App\Http\Controllers\LeaseContractController@settle
API-094,General API,GET|HEAD /api/auth/lease-ownership-requests,API_ENDPOINT,Authenticated User,Enforced by non.sale or store middleware,Valid JWT token in Authorization header,HTTP Request body/params,N/A,Handler: App\Http\Controllers\LeaseOwnershipController@index; Returns HTTP 200/201 JSON contract,Parameterized SQL query/mutation on schema himoto,N/A,PASS (Commit 2b49116),PASS (100% Parity),PASS (100% Parity),routes/api.php -> App\Http\Controllers\LeaseOwnershipController@index
API-095,General API,GET|HEAD /api/auth/lease-ownership-requests/{id},API_ENDPOINT,Authenticated User,Enforced by non.sale or store middleware,Valid JWT token in Authorization header,HTTP Request body/params,N/A,Handler: App\Http\Controllers\LeaseOwnershipController@show; Returns HTTP 200/201 JSON contract,Parameterized SQL query/mutation on schema himoto,N/A,PASS (Commit 2b49116),PASS (100% Parity),PASS (100% Parity),routes/api.php -> App\Http\Controllers\LeaseOwnershipController@show
API-096,General API,POST /api/auth/lease-ownership-requests/{id}/approve,API_ENDPOINT,Authenticated User,Enforced by non.sale or store middleware,Valid JWT token in Authorization header,HTTP Request body/params,N/A,Handler: App\Http\Controllers\LeaseOwnershipController@approve; Returns HTTP 200/201 JSON contract,Parameterized SQL query/mutation on schema himoto,N/A,PASS (Commit 2b49116),PASS (100% Parity),PASS (100% Parity),routes/api.php -> App\Http\Controllers\LeaseOwnershipController@approve
API-097,General API,POST /api/auth/lease-ownership-requests/{id}/execute,API_ENDPOINT,Authenticated User,Enforced by non.sale or store middleware,Valid JWT token in Authorization header,HTTP Request body/params,N/A,Handler: App\Http\Controllers\LeaseOwnershipController@executeTransfer; Returns HTTP 200/201 JSON contract,Parameterized SQL query/mutation on schema himoto,N/A,PASS (Commit 2b49116),PASS (100% Parity),PASS (100% Parity),routes/api.php -> App\Http\Controllers\LeaseOwnershipController@executeTransfer
API-098,General API,POST /api/auth/lease-ownership-requests/{id}/reject,API_ENDPOINT,Authenticated User,Enforced by non.sale or store middleware,Valid JWT token in Authorization header,HTTP Request body/params,N/A,Handler: App\Http\Controllers\LeaseOwnershipController@reject; Returns HTTP 200/201 JSON contract,Parameterized SQL query/mutation on schema himoto,N/A,PASS (Commit 2b49116),PASS (100% Parity),PASS (100% Parity),routes/api.php -> App\Http\Controllers\LeaseOwnershipController@reject
API-099,General API,POST /api/auth/lease-ownership-requests/{id}/submit,API_ENDPOINT,Authenticated User,Enforced by non.sale or store middleware,Valid JWT token in Authorization header,HTTP Request body/params,N/A,Handler: App\Http\Controllers\LeaseOwnershipController@submit; Returns HTTP 200/201 JSON contract,Parameterized SQL query/mutation on schema himoto,N/A,PASS (Commit 2b49116),PASS (100% Parity),PASS (100% Parity),routes/api.php -> App\Http\Controllers\LeaseOwnershipController@submit
API-100,Authentication,POST /api/auth/login,API_ENDPOINT,Authenticated User,Global or Store-scoped,Public,HTTP Request body/params,N/A,Handler: App\Http\Controllers\AuthController@login; Returns HTTP 200/201 JSON contract,Parameterized SQL query/mutation on schema himoto,N/A,PASS (Commit 2b49116),PASS (100% Parity),PASS (100% Parity),routes/api.php -> App\Http\Controllers\AuthController@login
API-101,General API,POST /api/auth/logout,API_ENDPOINT,Authenticated User,Global or Store-scoped,Valid JWT token in Authorization header,HTTP Request body/params,N/A,Handler: App\Http\Controllers\AuthController@logout; Returns HTTP 200/201 JSON contract,Parameterized SQL query/mutation on schema himoto,N/A,PASS (Commit 2b49116),PASS (100% Parity),PASS (100% Parity),routes/api.php -> App\Http\Controllers\AuthController@logout
API-102,Maintenance,GET|HEAD /api/auth/maintenance-log,API_ENDPOINT,Authenticated User,Enforced by non.sale or store middleware,Valid JWT token in Authorization header,HTTP Request body/params,N/A,Handler: App\Http\Controllers\MaintenanceLogController@index; Returns HTTP 200/201 JSON contract,Parameterized SQL query/mutation on schema himoto,N/A,PASS (Commit 2b49116),PASS (100% Parity),PASS (100% Parity),routes/api.php -> App\Http\Controllers\MaintenanceLogController@index
API-103,Maintenance,PUT|POST /api/auth/maintenance-log/{maintenanceLogs?},API_ENDPOINT,Authenticated User,Enforced by non.sale or store middleware,Valid JWT token in Authorization header,HTTP Request body/params,N/A,Handler: App\Http\Controllers\MaintenanceLogController@putOrPost; Returns HTTP 200/201 JSON contract,Parameterized SQL query/mutation on schema himoto,N/A,PASS (Commit 2b49116),PASS (100% Parity),PASS (100% Parity),routes/api.php -> App\Http\Controllers\MaintenanceLogController@putOrPost
API-104,Maintenance,DELETE /api/auth/maintenance-log/{maintenanceLog},API_ENDPOINT,Authenticated User,Enforced by non.sale or store middleware,Valid JWT token in Authorization header,HTTP Request body/params,N/A,Handler: App\Http\Controllers\MaintenanceLogController@destroy; Returns HTTP 200/201 JSON contract,Parameterized SQL query/mutation on schema himoto,N/A,PASS (Commit 2b49116),PASS (100% Parity),PASS (100% Parity),routes/api.php -> App\Http\Controllers\MaintenanceLogController@destroy
API-105,Maintenance,POST /api/auth/maintenance-rules,API_ENDPOINT,Authenticated User,Enforced by non.sale or store middleware,Valid JWT token in Authorization header,HTTP Request body/params,N/A,Handler: App\Http\Controllers\MaintenanceRuleController@putOrPost; Returns HTTP 200/201 JSON contract,Parameterized SQL query/mutation on schema himoto,N/A,PASS (Commit 2b49116),PASS (100% Parity),PASS (100% Parity),routes/api.php -> App\Http\Controllers\MaintenanceRuleController@putOrPost
API-106,Maintenance,GET|HEAD /api/auth/maintenance-rules,API_ENDPOINT,Authenticated User,Enforced by non.sale or store middleware,Valid JWT token in Authorization header,HTTP Request body/params,N/A,Handler: App\Http\Controllers\MaintenanceRuleController@index; Returns HTTP 200/201 JSON contract,Parameterized SQL query/mutation on schema himoto,N/A,PASS (Commit 2b49116),PASS (100% Parity),PASS (100% Parity),routes/api.php -> App\Http\Controllers\MaintenanceRuleController@index
API-107,Maintenance,PUT /api/auth/maintenance-rules,API_ENDPOINT,Authenticated User,Enforced by non.sale or store middleware,Valid JWT token in Authorization header,HTTP Request body/params,N/A,Handler: App\Http\Controllers\MaintenanceRuleController@putOrPost; Returns HTTP 200/201 JSON contract,Parameterized SQL query/mutation on schema himoto,N/A,PASS (Commit 2b49116),PASS (100% Parity),PASS (100% Parity),routes/api.php -> App\Http\Controllers\MaintenanceRuleController@putOrPost
API-108,Maintenance,DELETE /api/auth/maintenance-rules/{maintenanceRule},API_ENDPOINT,Authenticated User,Enforced by non.sale or store middleware,Valid JWT token in Authorization header,HTTP Request body/params,N/A,Handler: App\Http\Controllers\MaintenanceRuleController@destroy; Returns HTTP 200/201 JSON contract,Parameterized SQL query/mutation on schema himoto,N/A,PASS (Commit 2b49116),PASS (100% Parity),PASS (100% Parity),routes/api.php -> App\Http\Controllers\MaintenanceRuleController@destroy
API-109,Maintenance,GET|HEAD /api/auth/maintenance-schedules,API_ENDPOINT,Authenticated User,Enforced by non.sale or store middleware,Valid JWT token in Authorization header,HTTP Request body/params,N/A,Handler: App\Http\Controllers\MaintenanceScheduleController@index; Returns HTTP 200/201 JSON contract,Parameterized SQL query/mutation on schema himoto,N/A,PASS (Commit 2b49116),PASS (100% Parity),PASS (100% Parity),routes/api.php -> App\Http\Controllers\MaintenanceScheduleController@index
API-110,Maintenance,POST /api/auth/maintenance-schedules,API_ENDPOINT,Authenticated User,Enforced by non.sale or store middleware,Valid JWT token in Authorization header,HTTP Request body/params,N/A,Handler: App\Http\Controllers\MaintenanceScheduleController@putOrPost; Returns HTTP 200/201 JSON contract,Parameterized SQL query/mutation on schema himoto,N/A,PASS (Commit 2b49116),PASS (100% Parity),PASS (100% Parity),routes/api.php -> App\Http\Controllers\MaintenanceScheduleController@putOrPost
API-111,Maintenance,GET|HEAD /api/auth/maintenance-schedules/upcoming,API_ENDPOINT,Authenticated User,Enforced by non.sale or store middleware,Valid JWT token in Authorization header,HTTP Request body/params,N/A,Handler: App\Http\Controllers\MaintenanceScheduleController@upcoming; Returns HTTP 200/201 JSON contract,Parameterized SQL query/mutation on schema himoto,N/A,PASS (Commit 2b49116),PASS (100% Parity),PASS (100% Parity),routes/api.php -> App\Http\Controllers\MaintenanceScheduleController@upcoming
API-112,Maintenance,GET|HEAD /api/auth/maintenance-schedules/{maintenanceSchedule},API_ENDPOINT,Authenticated User,Enforced by non.sale or store middleware,Valid JWT token in Authorization header,HTTP Request body/params,N/A,Handler: App\Http\Controllers\MaintenanceScheduleController@show; Returns HTTP 200/201 JSON contract,Parameterized SQL query/mutation on schema himoto,N/A,PASS (Commit 2b49116),PASS (100% Parity),PASS (100% Parity),routes/api.php -> App\Http\Controllers\MaintenanceScheduleController@show
API-113,Maintenance,DELETE /api/auth/maintenance-schedules/{maintenanceSchedule},API_ENDPOINT,Authenticated User,Enforced by non.sale or store middleware,Valid JWT token in Authorization header,HTTP Request body/params,N/A,Handler: App\Http\Controllers\MaintenanceScheduleController@destroy; Returns HTTP 200/201 JSON contract,Parameterized SQL query/mutation on schema himoto,N/A,PASS (Commit 2b49116),PASS (100% Parity),PASS (100% Parity),routes/api.php -> App\Http\Controllers\MaintenanceScheduleController@destroy
API-114,Maintenance,POST /api/auth/maintenance-types,API_ENDPOINT,Authenticated User,Enforced by non.sale or store middleware,Valid JWT token in Authorization header,HTTP Request body/params,N/A,Handler: App\Http\Controllers\MaintenanceTypeController@putOrPost; Returns HTTP 200/201 JSON contract,Parameterized SQL query/mutation on schema himoto,N/A,PASS (Commit 2b49116),PASS (100% Parity),PASS (100% Parity),routes/api.php -> App\Http\Controllers\MaintenanceTypeController@putOrPost
API-115,Maintenance,PUT /api/auth/maintenance-types,API_ENDPOINT,Authenticated User,Enforced by non.sale or store middleware,Valid JWT token in Authorization header,HTTP Request body/params,N/A,Handler: App\Http\Controllers\MaintenanceTypeController@putOrPost; Returns HTTP 200/201 JSON contract,Parameterized SQL query/mutation on schema himoto,N/A,PASS (Commit 2b49116),PASS (100% Parity),PASS (100% Parity),routes/api.php -> App\Http\Controllers\MaintenanceTypeController@putOrPost
API-116,Maintenance,GET|HEAD /api/auth/maintenance-types,API_ENDPOINT,Authenticated User,Enforced by non.sale or store middleware,Valid JWT token in Authorization header,HTTP Request body/params,N/A,Handler: App\Http\Controllers\MaintenanceTypeController@index; Returns HTTP 200/201 JSON contract,Parameterized SQL query/mutation on schema himoto,N/A,PASS (Commit 2b49116),PASS (100% Parity),PASS (100% Parity),routes/api.php -> App\Http\Controllers\MaintenanceTypeController@index
API-117,Maintenance,DELETE /api/auth/maintenance-types/{maintenanceType},API_ENDPOINT,Authenticated User,Enforced by non.sale or store middleware,Valid JWT token in Authorization header,HTTP Request body/params,N/A,Handler: App\Http\Controllers\MaintenanceTypeController@destroy; Returns HTTP 200/201 JSON contract,Parameterized SQL query/mutation on schema himoto,N/A,PASS (Commit 2b49116),PASS (100% Parity),PASS (100% Parity),routes/api.php -> App\Http\Controllers\MaintenanceTypeController@destroy
API-118,General API,GET|HEAD /api/auth/maintenance-vehicle,API_ENDPOINT,Authenticated User,Enforced by non.sale or store middleware,Valid JWT token in Authorization header,HTTP Request body/params,N/A,Handler: App\Http\Controllers\MaintenanceVehicleController@index; Returns HTTP 200/201 JSON contract,Parameterized SQL query/mutation on schema himoto,N/A,PASS (Commit 2b49116),PASS (100% Parity),PASS (100% Parity),routes/api.php -> App\Http\Controllers\MaintenanceVehicleController@index
API-119,General API,PUT|POST /api/auth/maintenance-vehicle/{maintenanceVehicle?},API_ENDPOINT,Authenticated User,Enforced by non.sale or store middleware,Valid JWT token in Authorization header,HTTP Request body/params,N/A,Handler: App\Http\Controllers\MaintenanceVehicleController@putOrPost; Returns HTTP 200/201 JSON contract,Parameterized SQL query/mutation on schema himoto,N/A,PASS (Commit 2b49116),PASS (100% Parity),PASS (100% Parity),routes/api.php -> App\Http\Controllers\MaintenanceVehicleController@putOrPost
API-120,General API,DELETE /api/auth/maintenance-vehicle/{maintenanceVehicle},API_ENDPOINT,Authenticated User,Enforced by non.sale or store middleware,Valid JWT token in Authorization header,HTTP Request body/params,N/A,Handler: App\Http\Controllers\MaintenanceVehicleController@destroy; Returns HTTP 200/201 JSON contract,Parameterized SQL query/mutation on schema himoto,N/A,PASS (Commit 2b49116),PASS (100% Parity),PASS (100% Parity),routes/api.php -> App\Http\Controllers\MaintenanceVehicleController@destroy
API-121,General API,GET|HEAD /api/auth/notifications/summary,API_ENDPOINT,Authenticated User,Enforced by non.sale or store middleware,Valid JWT token in Authorization header,HTTP Request body/params,N/A,Handler: App\Http\Controllers\NotificationController@summary; Returns HTTP 200/201 JSON contract,Parameterized SQL query/mutation on schema himoto,N/A,PASS (Commit 2b49116),PASS (100% Parity),PASS (100% Parity),routes/api.php -> App\Http\Controllers\NotificationController@summary
API-122,General API,GET|HEAD /api/auth/order-sell,API_ENDPOINT,Authenticated User,Enforced by non.sale or store middleware,Valid JWT token in Authorization header,HTTP Request body/params,N/A,Handler: App\Http\Controllers\Order\OrderSellController@index; Returns HTTP 200/201 JSON contract,Parameterized SQL query/mutation on schema himoto,N/A,PASS (Commit 2b49116),PASS (100% Parity),PASS (100% Parity),routes/api.php -> App\Http\Controllers\Order\OrderSellController@index
API-123,General API,GET|HEAD /api/auth/order-sell/report,API_ENDPOINT,Authenticated User,Enforced by non.sale or store middleware,Valid JWT token in Authorization header,HTTP Request body/params,N/A,Handler: App\Http\Controllers\Order\OrderSellController@report; Returns HTTP 200/201 JSON contract,Parameterized SQL query/mutation on schema himoto,N/A,PASS (Commit 2b49116),PASS (100% Parity),PASS (100% Parity),routes/api.php -> App\Http\Controllers\Order\OrderSellController@report
API-124,General API,POST /api/auth/order-sell/store,API_ENDPOINT,Authenticated User,Enforced by non.sale or store middleware,Valid JWT token in Authorization header,HTTP Request body/params,N/A,Handler: App\Http\Controllers\Order\OrderSellController@store; Returns HTTP 200/201 JSON contract,Parameterized SQL query/mutation on schema himoto,N/A,PASS (Commit 2b49116),PASS (100% Parity),PASS (100% Parity),routes/api.php -> App\Http\Controllers\Order\OrderSellController@store
API-125,General API,POST /api/auth/order-sell/update,API_ENDPOINT,Authenticated User,Enforced by non.sale or store middleware,Valid JWT token in Authorization header,HTTP Request body/params,N/A,Handler: App\Http\Controllers\Order\OrderSellController@update; Returns HTTP 200/201 JSON contract,Parameterized SQL query/mutation on schema himoto,N/A,PASS (Commit 2b49116),PASS (100% Parity),PASS (100% Parity),routes/api.php -> App\Http\Controllers\Order\OrderSellController@update
API-126,General API,DELETE /api/auth/order-sell/{sellOrder},API_ENDPOINT,Authenticated User,Enforced by non.sale or store middleware,Valid JWT token in Authorization header,HTTP Request body/params,N/A,Handler: App\Http\Controllers\Order\OrderSellController@destroy; Returns HTTP 200/201 JSON contract,Parameterized SQL query/mutation on schema himoto,N/A,PASS (Commit 2b49116),PASS (100% Parity),PASS (100% Parity),routes/api.php -> App\Http\Controllers\Order\OrderSellController@destroy
API-127,General API,POST /api/auth/order/add-on-price,API_ENDPOINT,Authenticated User,Enforced by non.sale or store middleware,Valid JWT token in Authorization header,HTTP Request body/params,N/A,Handler: App\Http\Controllers\Order\OrderController@addOnPrice; Returns HTTP 200/201 JSON contract,Parameterized SQL query/mutation on schema himoto,N/A,PASS (Commit 2b49116),PASS (100% Parity),PASS (100% Parity),routes/api.php -> App\Http\Controllers\Order\OrderController@addOnPrice
API-128,General API,POST /api/auth/order/calc_order_before_complete,API_ENDPOINT,Authenticated User,Enforced by non.sale or store middleware,Valid JWT token in Authorization header,HTTP Request body/params,N/A,Handler: App\Http\Controllers\Order\OrderController@calc_order_before_complete; Returns HTTP 200/201 JSON contract,Parameterized SQL query/mutation on schema himoto,N/A,PASS (Commit 2b49116),PASS (100% Parity),PASS (100% Parity),routes/api.php -> App\Http\Controllers\Order\OrderController@calc_order_before_complete
API-129,General API,POST /api/auth/order/calc_return_early_amount,API_ENDPOINT,Authenticated User,Enforced by non.sale or store middleware,Valid JWT token in Authorization header,HTTP Request body/params,N/A,Handler: App\Http\Controllers\Order\OrderController@calc_return_early_amount; Returns HTTP 200/201 JSON contract,Parameterized SQL query/mutation on schema himoto,N/A,PASS (Commit 2b49116),PASS (100% Parity),PASS (100% Parity),routes/api.php -> App\Http\Controllers\Order\OrderController@calc_return_early_amount
API-130,Rental Orders,GET|HEAD /api/auth/order/car-rental,API_ENDPOINT,Authenticated User,Enforced by non.sale or store middleware,Valid JWT token in Authorization header,HTTP Request body/params,N/A,Handler: App\Http\Controllers\Order\OrderController@index; Returns HTTP 200/201 JSON contract,Parameterized SQL query/mutation on schema himoto,N/A,PASS (Commit 2b49116),PASS (100% Parity),PASS (100% Parity),routes/api.php -> App\Http\Controllers\Order\OrderController@index
API-131,Rental Orders,POST /api/auth/order/car-rental,API_ENDPOINT,Authenticated User,Enforced by non.sale or store middleware,Valid JWT token in Authorization header,HTTP Request body/params,N/A,Handler: App\Http\Controllers\Order\OrderController@store; Returns HTTP 200/201 JSON contract,Parameterized SQL query/mutation on schema himoto,N/A,PASS (Commit 2b49116),PASS (100% Parity),PASS (100% Parity),routes/api.php -> App\Http\Controllers\Order\OrderController@store
API-132,Rental Orders,PUT /api/auth/order/car-rental/complete/{order},API_ENDPOINT,Authenticated User,Enforced by non.sale or store middleware,Valid JWT token in Authorization header,HTTP Request body/params,N/A,Handler: App\Http\Controllers\Order\OrderController@complete; Returns HTTP 200/201 JSON contract,Parameterized SQL query/mutation on schema himoto,N/A,PASS (Commit 2b49116),PASS (100% Parity),PASS (100% Parity),routes/api.php -> App\Http\Controllers\Order\OrderController@complete
API-133,Rental Orders,PUT /api/auth/order/car-rental/deposit/{order},API_ENDPOINT,Authenticated User,Enforced by non.sale or store middleware,Valid JWT token in Authorization header,HTTP Request body/params,N/A,Handler: App\Http\Controllers\Order\OrderController@deposit; Returns HTTP 200/201 JSON contract,Parameterized SQL query/mutation on schema himoto,N/A,PASS (Commit 2b49116),PASS (100% Parity),PASS (100% Parity),routes/api.php -> App\Http\Controllers\Order\OrderController@deposit
API-134,Rental Orders,POST /api/auth/order/car-rental/lock-contract/{order},API_ENDPOINT,Authenticated User,Enforced by non.sale or store middleware,Valid JWT token in Authorization header,HTTP Request body/params,N/A,Handler: App\Http\Controllers\Order\OrderController@lockContract; Returns HTTP 200/201 JSON contract,Parameterized SQL query/mutation on schema himoto,N/A,PASS (Commit 2b49116),PASS (100% Parity),PASS (100% Parity),routes/api.php -> App\Http\Controllers\Order\OrderController@lockContract
API-135,Rental Orders,POST /api/auth/order/car-rental/preview,API_ENDPOINT,Authenticated User,Enforced by non.sale or store middleware,Valid JWT token in Authorization header,HTTP Request body/params,N/A,Handler: App\Http\Controllers\Order\OrderController@preview; Returns HTTP 200/201 JSON contract,Parameterized SQL query/mutation on schema himoto,N/A,PASS (Commit 2b49116),PASS (100% Parity),PASS (100% Parity),routes/api.php -> App\Http\Controllers\Order\OrderController@preview
API-136,Rental Orders,DELETE /api/auth/order/car-rental/{data},API_ENDPOINT,Authenticated User,Enforced by non.sale or store middleware,Valid JWT token in Authorization header,HTTP Request body/params,N/A,Handler: App\Http\Controllers\Order\OrderController@destroy; Returns HTTP 200/201 JSON contract,Parameterized SQL query/mutation on schema himoto,N/A,PASS (Commit 2b49116),PASS (100% Parity),PASS (100% Parity),routes/api.php -> App\Http\Controllers\Order\OrderController@destroy
API-137,Rental Orders,GET|HEAD /api/auth/order/car-rental/{order},API_ENDPOINT,Authenticated User,Enforced by non.sale or store middleware,Valid JWT token in Authorization header,HTTP Request body/params,N/A,Handler: App\Http\Controllers\Order\OrderController@show; Returns HTTP 200/201 JSON contract,Parameterized SQL query/mutation on schema himoto,N/A,PASS (Commit 2b49116),PASS (100% Parity),PASS (100% Parity),routes/api.php -> App\Http\Controllers\Order\OrderController@show
API-138,Rental Orders,PUT /api/auth/order/car-rental/{order},API_ENDPOINT,Authenticated User,Enforced by non.sale or store middleware,Valid JWT token in Authorization header,HTTP Request body/params,N/A,Handler: App\Http\Controllers\Order\OrderController@update; Returns HTTP 200/201 JSON contract,Parameterized SQL query/mutation on schema himoto,N/A,PASS (Commit 2b49116),PASS (100% Parity),PASS (100% Parity),routes/api.php -> App\Http\Controllers\Order\OrderController@update
API-139,Rental Orders,GET|HEAD /api/auth/order/car-rental/{order}/document,API_ENDPOINT,Authenticated User,Enforced by non.sale or store middleware,Valid JWT token in Authorization header,HTTP Request body/params,N/A,Handler: App\Http\Controllers\Order\OrderController@document; Returns HTTP 200/201 JSON contract,Parameterized SQL query/mutation on schema himoto,N/A,PASS (Commit 2b49116),PASS (100% Parity),PASS (100% Parity),routes/api.php -> App\Http\Controllers\Order\OrderController@document
API-140,General API,POST /api/auth/order/close-deposit-order,API_ENDPOINT,Authenticated User,Enforced by non.sale or store middleware,Valid JWT token in Authorization header,HTTP Request body/params,N/A,Handler: App\Http\Controllers\Order\OrderController@closeDeposit; Returns HTTP 200/201 JSON contract,Parameterized SQL query/mutation on schema himoto,N/A,PASS (Commit 2b49116),PASS (100% Parity),PASS (100% Parity),routes/api.php -> App\Http\Controllers\Order\OrderController@closeDeposit
API-141,General API,POST /api/auth/order/start-contract,API_ENDPOINT,Authenticated User,Enforced by non.sale or store middleware,Valid JWT token in Authorization header,HTTP Request body/params,N/A,Handler: App\Http\Controllers\Order\OrderController@startContract; Returns HTTP 200/201 JSON contract,Parameterized SQL query/mutation on schema himoto,N/A,PASS (Commit 2b49116),PASS (100% Parity),PASS (100% Parity),routes/api.php -> App\Http\Controllers\Order\OrderController@startContract
API-142,General API,POST /api/auth/priceVehicles,API_ENDPOINT,Authenticated User,Enforced by non.sale or store middleware,Valid JWT token in Authorization header,HTTP Request body/params,N/A,Handler: App\Http\Controllers\Vehicle\PriceVehicleController@storeOrUpdate; Returns HTTP 200/201 JSON contract,Parameterized SQL query/mutation on schema himoto,N/A,PASS (Commit 2b49116),PASS (100% Parity),PASS (100% Parity),routes/api.php -> App\Http\Controllers\Vehicle\PriceVehicleController@storeOrUpdate
API-143,General API,GET|HEAD /api/auth/priceVehicles,API_ENDPOINT,Authenticated User,Enforced by non.sale or store middleware,Valid JWT token in Authorization header,HTTP Request body/params,N/A,Handler: App\Http\Controllers\Vehicle\PriceVehicleController@index; Returns HTTP 200/201 JSON contract,Parameterized SQL query/mutation on schema himoto,N/A,PASS (Commit 2b49116),PASS (100% Parity),PASS (100% Parity),routes/api.php -> App\Http\Controllers\Vehicle\PriceVehicleController@index
API-144,General API,DELETE /api/auth/priceVehicles/{priceVehicle},API_ENDPOINT,Authenticated User,Enforced by non.sale or store middleware,Valid JWT token in Authorization header,HTTP Request body/params,N/A,Handler: App\Http\Controllers\Vehicle\PriceVehicleController@destroy; Returns HTTP 200/201 JSON contract,Parameterized SQL query/mutation on schema himoto,N/A,PASS (Commit 2b49116),PASS (100% Parity),PASS (100% Parity),routes/api.php -> App\Http\Controllers\Vehicle\PriceVehicleController@destroy
API-145,Receipts,GET|HEAD /api/auth/receipt,API_ENDPOINT,Authenticated User,Enforced by non.sale or store middleware,Valid JWT token in Authorization header,HTTP Request body/params,N/A,Handler: App\Http\Controllers\ReceiptController@index; Returns HTTP 200/201 JSON contract,Parameterized SQL query/mutation on schema himoto,N/A,PASS (Commit 2b49116),PASS (100% Parity),PASS (100% Parity),routes/api.php -> App\Http\Controllers\ReceiptController@index
API-146,Receipts,PUT|POST /api/auth/receipt/{receipt?},API_ENDPOINT,Authenticated User,Enforced by non.sale or store middleware,Valid JWT token in Authorization header,HTTP Request body/params,N/A,Handler: App\Http\Controllers\ReceiptController@putOrPost; Returns HTTP 200/201 JSON contract,Parameterized SQL query/mutation on schema himoto,N/A,PASS (Commit 2b49116),PASS (100% Parity),PASS (100% Parity),routes/api.php -> App\Http\Controllers\ReceiptController@putOrPost
API-147,Receipts,DELETE /api/auth/receipt/{transaction},API_ENDPOINT,Authenticated User,Enforced by non.sale or store middleware,Valid JWT token in Authorization header,HTTP Request body/params,N/A,Handler: App\Http\Controllers\ReceiptController@destroy; Returns HTTP 200/201 JSON contract,Parameterized SQL query/mutation on schema himoto,N/A,PASS (Commit 2b49116),PASS (100% Parity),PASS (100% Parity),routes/api.php -> App\Http\Controllers\ReceiptController@destroy
API-148,Receipts,GET|HEAD /api/auth/receipt/{transaction},API_ENDPOINT,Authenticated User,Enforced by non.sale or store middleware,Valid JWT token in Authorization header,HTTP Request body/params,N/A,Handler: App\Http\Controllers\ReceiptController@show; Returns HTTP 200/201 JSON contract,Parameterized SQL query/mutation on schema himoto,N/A,PASS (Commit 2b49116),PASS (100% Parity),PASS (100% Parity),routes/api.php -> App\Http\Controllers\ReceiptController@show
API-149,Authentication,POST /api/auth/register,API_ENDPOINT,Admin,Global or Store-scoped,Valid JWT token in Authorization header,HTTP Request body/params,N/A,Handler: App\Http\Controllers\AuthController@register; Returns HTTP 200/201 JSON contract,Parameterized SQL query/mutation on schema himoto,N/A,PASS (Commit 2b49116),PASS (100% Parity),PASS (100% Parity),routes/api.php -> App\Http\Controllers\AuthController@register
API-150,Reports,GET|HEAD /api/auth/report/detail-report,API_ENDPOINT,Authenticated User,Enforced by non.sale or store middleware,Valid JWT token in Authorization header,HTTP Request body/params,N/A,Handler: App\Http\Controllers\Report\ReportController@detailReport; Returns HTTP 200/201 JSON contract,Parameterized SQL query/mutation on schema himoto,N/A,PASS (Commit 2b49116),PASS (100% Parity),PASS (100% Parity),routes/api.php -> App\Http\Controllers\Report\ReportController@detailReport
API-151,Reports,GET|HEAD /api/auth/report/detail-report-day-by-day,API_ENDPOINT,Authenticated User,Enforced by non.sale or store middleware,Valid JWT token in Authorization header,HTTP Request body/params,N/A,Handler: App\Http\Controllers\Report\ReportController@detailReportDayByDay; Returns HTTP 200/201 JSON contract,Parameterized SQL query/mutation on schema himoto,N/A,PASS (Commit 2b49116),PASS (100% Parity),PASS (100% Parity),routes/api.php -> App\Http\Controllers\Report\ReportController@detailReportDayByDay
API-152,Reports,GET|HEAD /api/auth/report/detail-report-new,API_ENDPOINT,Authenticated User,Enforced by non.sale or store middleware,Valid JWT token in Authorization header,HTTP Request body/params,N/A,Handler: App\Http\Controllers\Report\ReportController@detailReportNew; Returns HTTP 200/201 JSON contract,Parameterized SQL query/mutation on schema himoto,N/A,PASS (Commit 2b49116),PASS (100% Parity),PASS (100% Parity),routes/api.php -> App\Http\Controllers\Report\ReportController@detailReportNew
API-153,Reports,GET|HEAD /api/auth/report/kpi,API_ENDPOINT,Authenticated User,Enforced by non.sale or store middleware,Valid JWT token in Authorization header,HTTP Request body/params,N/A,Handler: App\Http\Controllers\KpiReportController@index; Returns HTTP 200/201 JSON contract,Parameterized SQL query/mutation on schema himoto,N/A,PASS (Commit 2b49116),PASS (100% Parity),PASS (100% Parity),routes/api.php -> App\Http\Controllers\KpiReportController@index
API-154,General API,GET|HEAD /api/auth/report/quick-report,API_ENDPOINT,Authenticated User,Enforced by non.sale or store middleware,Valid JWT token in Authorization header,HTTP Request body/params,N/A,Handler: App\Http\Controllers\Report\ReportController@quickReport; Returns HTTP 200/201 JSON contract,Parameterized SQL query/mutation on schema himoto,N/A,PASS (Commit 2b49116),PASS (100% Parity),PASS (100% Parity),routes/api.php -> App\Http\Controllers\Report\ReportController@quickReport
API-155,General API,GET|HEAD /api/auth/role/all,API_ENDPOINT,Authenticated User,Enforced by non.sale or store middleware,Valid JWT token in Authorization header,HTTP Request body/params,N/A,Handler: App\Http\Controllers\Users\RoleController@all; Returns HTTP 200/201 JSON contract,Parameterized SQL query/mutation on schema himoto,N/A,PASS (Commit 2b49116),PASS (100% Parity),PASS (100% Parity),routes/api.php -> App\Http\Controllers\Users\RoleController@all
API-156,Stores,GET|HEAD /api/auth/stores,API_ENDPOINT,Authenticated User,Enforced by non.sale or store middleware,Valid JWT token in Authorization header,HTTP Request body/params,N/A,Handler: App\Http\Controllers\Store\StoreController@index; Returns HTTP 200/201 JSON contract,Parameterized SQL query/mutation on schema himoto,N/A,PASS (Commit 2b49116),PASS (100% Parity),PASS (100% Parity),routes/api.php -> App\Http\Controllers\Store\StoreController@index
API-157,Stores,POST /api/auth/stores,API_ENDPOINT,Authenticated User,Enforced by non.sale or store middleware,Valid JWT token in Authorization header,HTTP Request body/params,N/A,Handler: App\Http\Controllers\Store\StoreController@store; Returns HTTP 200/201 JSON contract,Parameterized SQL query/mutation on schema himoto,N/A,PASS (Commit 2b49116),PASS (100% Parity),PASS (100% Parity),routes/api.php -> App\Http\Controllers\Store\StoreController@store
API-158,Stores,GET|HEAD /api/auth/stores/all,API_ENDPOINT,Authenticated User,Global or Store-scoped,Valid JWT token in Authorization header,HTTP Request body/params,N/A,Handler: App\Http\Controllers\Store\StoreController@all; Returns HTTP 200/201 JSON contract,Parameterized SQL query/mutation on schema himoto,N/A,PASS (Commit 2b49116),PASS (100% Parity),PASS (100% Parity),routes/api.php -> App\Http\Controllers\Store\StoreController@all
API-159,Stores,GET|HEAD /api/auth/stores/{store},API_ENDPOINT,Authenticated User,Global or Store-scoped,Valid JWT token in Authorization header,HTTP Request body/params,N/A,Handler: App\Http\Controllers\Store\StoreController@show; Returns HTTP 200/201 JSON contract,Parameterized SQL query/mutation on schema himoto,N/A,PASS (Commit 2b49116),PASS (100% Parity),PASS (100% Parity),routes/api.php -> App\Http\Controllers\Store\StoreController@show
API-160,Stores,PUT /api/auth/stores/{store},API_ENDPOINT,Authenticated User,Enforced by non.sale or store middleware,Valid JWT token in Authorization header,HTTP Request body/params,N/A,Handler: App\Http\Controllers\Store\StoreController@update; Returns HTTP 200/201 JSON contract,Parameterized SQL query/mutation on schema himoto,N/A,PASS (Commit 2b49116),PASS (100% Parity),PASS (100% Parity),routes/api.php -> App\Http\Controllers\Store\StoreController@update
API-161,Stores,DELETE /api/auth/stores/{store},API_ENDPOINT,Authenticated User,Enforced by non.sale or store middleware,Valid JWT token in Authorization header,HTTP Request body/params,N/A,Handler: App\Http\Controllers\Store\StoreController@destroy; Returns HTTP 200/201 JSON contract,Parameterized SQL query/mutation on schema himoto,N/A,PASS (Commit 2b49116),PASS (100% Parity),PASS (100% Parity),routes/api.php -> App\Http\Controllers\Store\StoreController@destroy
API-162,Transactions,GET|HEAD /api/auth/transactions,API_ENDPOINT,Authenticated User,Enforced by non.sale or store middleware,Valid JWT token in Authorization header,HTTP Request body/params,N/A,Handler: App\Http\Controllers\Transaction\TransactionController@index; Returns HTTP 200/201 JSON contract,Parameterized SQL query/mutation on schema himoto,N/A,PASS (Commit 2b49116),PASS (100% Parity),PASS (100% Parity),routes/api.php -> App\Http\Controllers\Transaction\TransactionController@index
API-163,Transactions,GET|HEAD /api/auth/transactions/stats,API_ENDPOINT,Authenticated User,Enforced by non.sale or store middleware,Valid JWT token in Authorization header,HTTP Request body/params,N/A,Handler: App\Http\Controllers\Transaction\TransactionController@stats; Returns HTTP 200/201 JSON contract,Parameterized SQL query/mutation on schema himoto,N/A,PASS (Commit 2b49116),PASS (100% Parity),PASS (100% Parity),routes/api.php -> App\Http\Controllers\Transaction\TransactionController@stats
API-164,Transactions,POST /api/auth/transactions/update,API_ENDPOINT,Authenticated User,Enforced by non.sale or store middleware,Valid JWT token in Authorization header,HTTP Request body/params,N/A,Handler: App\Http\Controllers\Transaction\TransactionController@updateNew; Returns HTTP 200/201 JSON contract,Parameterized SQL query/mutation on schema himoto,N/A,PASS (Commit 2b49116),PASS (100% Parity),PASS (100% Parity),routes/api.php -> App\Http\Controllers\Transaction\TransactionController@updateNew
API-165,Transactions,PUT|POST /api/auth/transactions/{transaction?},API_ENDPOINT,Authenticated User,Enforced by non.sale or store middleware,Valid JWT token in Authorization header,HTTP Request body/params,N/A,Handler: App\Http\Controllers\Transaction\TransactionController@putOrPost; Returns HTTP 200/201 JSON contract,Parameterized SQL query/mutation on schema himoto,N/A,PASS (Commit 2b49116),PASS (100% Parity),PASS (100% Parity),routes/api.php -> App\Http\Controllers\Transaction\TransactionController@putOrPost
API-166,Transactions,DELETE /api/auth/transactions/{transaction},API_ENDPOINT,Authenticated User,Enforced by non.sale or store middleware,Valid JWT token in Authorization header,HTTP Request body/params,N/A,Handler: App\Http\Controllers\Transaction\TransactionController@destroy; Returns HTTP 200/201 JSON contract,Parameterized SQL query/mutation on schema himoto,N/A,PASS (Commit 2b49116),PASS (100% Parity),PASS (100% Parity),routes/api.php -> App\Http\Controllers\Transaction\TransactionController@destroy
API-167,Users & Roles,GET|HEAD /api/auth/users,API_ENDPOINT,Authenticated User,Enforced by non.sale or store middleware,Valid JWT token in Authorization header,HTTP Request body/params,N/A,Handler: App\Http\Controllers\UserController@index; Returns HTTP 200/201 JSON contract,Parameterized SQL query/mutation on schema himoto,N/A,PASS (Commit 2b49116),PASS (100% Parity),PASS (100% Parity),routes/api.php -> App\Http\Controllers\UserController@index
API-168,Users & Roles,POST /api/auth/users/change-my-password,API_ENDPOINT,Authenticated User,Enforced by non.sale or store middleware,Valid JWT token in Authorization header,HTTP Request body/params,N/A,Handler: App\Http\Controllers\UserController@changeMyPassword; Returns HTTP 200/201 JSON contract,Parameterized SQL query/mutation on schema himoto,N/A,PASS (Commit 2b49116),PASS (100% Parity),PASS (100% Parity),routes/api.php -> App\Http\Controllers\UserController@changeMyPassword
API-169,Users & Roles,POST /api/auth/users/change-password,API_ENDPOINT,Admin,Enforced by non.sale or store middleware,Valid JWT token in Authorization header,HTTP Request body/params,N/A,Handler: App\Http\Controllers\UserController@changePassword; Returns HTTP 200/201 JSON contract,Parameterized SQL query/mutation on schema himoto,N/A,PASS (Commit 2b49116),PASS (100% Parity),PASS (100% Parity),routes/api.php -> App\Http\Controllers\UserController@changePassword
API-170,Users & Roles,GET|HEAD /api/auth/users/get-staff-by-store,API_ENDPOINT,Authenticated User,Enforced by non.sale or store middleware,Valid JWT token in Authorization header,HTTP Request body/params,N/A,Handler: App\Http\Controllers\UserController@getStaffByStore; Returns HTTP 200/201 JSON contract,Parameterized SQL query/mutation on schema himoto,N/A,PASS (Commit 2b49116),PASS (100% Parity),PASS (100% Parity),routes/api.php -> App\Http\Controllers\UserController@getStaffByStore
API-171,Users & Roles,POST /api/auth/users/store,API_ENDPOINT,Admin,Enforced by non.sale or store middleware,Valid JWT token in Authorization header,HTTP Request body/params,N/A,Handler: App\Http\Controllers\UserController@store; Returns HTTP 200/201 JSON contract,Parameterized SQL query/mutation on schema himoto,N/A,PASS (Commit 2b49116),PASS (100% Parity),PASS (100% Parity),routes/api.php -> App\Http\Controllers\UserController@store
API-172,Users & Roles,POST /api/auth/users/update,API_ENDPOINT,Admin,Enforced by non.sale or store middleware,Valid JWT token in Authorization header,HTTP Request body/params,N/A,Handler: App\Http\Controllers\UserController@update; Returns HTTP 200/201 JSON contract,Parameterized SQL query/mutation on schema himoto,N/A,PASS (Commit 2b49116),PASS (100% Parity),PASS (100% Parity),routes/api.php -> App\Http\Controllers\UserController@update
API-173,Users & Roles,DELETE /api/auth/users/{user},API_ENDPOINT,Admin,Enforced by non.sale or store middleware,Valid JWT token in Authorization header,HTTP Request body/params,N/A,Handler: App\Http\Controllers\UserController@destroy; Returns HTTP 200/201 JSON contract,Parameterized SQL query/mutation on schema himoto,N/A,PASS (Commit 2b49116),PASS (100% Parity),PASS (100% Parity),routes/api.php -> App\Http\Controllers\UserController@destroy
API-174,Vehicles,GET|HEAD /api/auth/vehicle/vehicles,API_ENDPOINT,Authenticated User,Global or Store-scoped,Valid JWT token in Authorization header,HTTP Request body/params,N/A,Handler: App\Http\Controllers\Vehicle\VehicleController@index; Returns HTTP 200/201 JSON contract,Parameterized SQL query/mutation on schema himoto,N/A,PASS (Commit 2b49116),PASS (100% Parity),PASS (100% Parity),routes/api.php -> App\Http\Controllers\Vehicle\VehicleController@index
API-175,Vehicles,GET|HEAD /api/auth/vehicle/vehicles/report,API_ENDPOINT,Authenticated User,Enforced by non.sale or store middleware,Valid JWT token in Authorization header,HTTP Request body/params,N/A,Handler: App\Http\Controllers\Vehicle\VehicleController@report; Returns HTTP 200/201 JSON contract,Parameterized SQL query/mutation on schema himoto,N/A,PASS (Commit 2b49116),PASS (100% Parity),PASS (100% Parity),routes/api.php -> App\Http\Controllers\Vehicle\VehicleController@report
API-176,Vehicles,POST /api/auth/vehicle/vehicles/store,API_ENDPOINT,Authenticated User,Enforced by non.sale or store middleware,Valid JWT token in Authorization header,HTTP Request body/params,N/A,Handler: App\Http\Controllers\Vehicle\VehicleController@store; Returns HTTP 200/201 JSON contract,Parameterized SQL query/mutation on schema himoto,N/A,PASS (Commit 2b49116),PASS (100% Parity),PASS (100% Parity),routes/api.php -> App\Http\Controllers\Vehicle\VehicleController@store
API-177,Vehicles,POST /api/auth/vehicle/vehicles/update,API_ENDPOINT,Authenticated User,Enforced by non.sale or store middleware,Valid JWT token in Authorization header,HTTP Request body/params,N/A,Handler: App\Http\Controllers\Vehicle\VehicleController@update; Returns HTTP 200/201 JSON contract,Parameterized SQL query/mutation on schema himoto,N/A,PASS (Commit 2b49116),PASS (100% Parity),PASS (100% Parity),routes/api.php -> App\Http\Controllers\Vehicle\VehicleController@update
API-178,Vehicles,DELETE /api/auth/vehicle/vehicles/{vehicle},API_ENDPOINT,Authenticated User,Enforced by non.sale or store middleware,Valid JWT token in Authorization header,HTTP Request body/params,N/A,Handler: App\Http\Controllers\Vehicle\VehicleController@destroy; Returns HTTP 200/201 JSON contract,Parameterized SQL query/mutation on schema himoto,N/A,PASS (Commit 2b49116),PASS (100% Parity),PASS (100% Parity),routes/api.php -> App\Http\Controllers\Vehicle\VehicleController@destroy
API-179,Vehicles,GET|HEAD /api/auth/vehicle/vehicles_with_revenue,API_ENDPOINT,Authenticated User,Enforced by non.sale or store middleware,Valid JWT token in Authorization header,HTTP Request body/params,N/A,Handler: App\Http\Controllers\Vehicle\VehicleController@indexWithRevenue; Returns HTTP 200/201 JSON contract,Parameterized SQL query/mutation on schema himoto,N/A,PASS (Commit 2b49116),PASS (100% Parity),PASS (100% Parity),routes/api.php -> App\Http\Controllers\Vehicle\VehicleController@indexWithRevenue
API-180,Vehicles,GET|HEAD /api/auth/vehicles/{vehicleId}/movement-history,API_ENDPOINT,Authenticated User,Enforced by non.sale or store middleware,Valid JWT token in Authorization header,HTTP Request body/params,N/A,Handler: App\Http\Controllers\WarehouseController@movementHistory; Returns HTTP 200/201 JSON contract,Parameterized SQL query/mutation on schema himoto,N/A,PASS (Commit 2b49116),PASS (100% Parity),PASS (100% Parity),routes/api.php -> App\Http\Controllers\WarehouseController@movementHistory
API-181,Warehouses & GPS,POST /api/auth/warehouses/return-different-store,API_ENDPOINT,Authenticated User,Enforced by non.sale or store middleware,Valid JWT token in Authorization header,HTTP Request body/params,N/A,Handler: App\Http\Controllers\WarehouseController@returnDifferentStore; Returns HTTP 200/201 JSON contract,Parameterized SQL query/mutation on schema himoto,N/A,PASS (Commit 2b49116),PASS (100% Parity),PASS (100% Parity),routes/api.php -> App\Http\Controllers\WarehouseController@returnDifferentStore
API-182,Warehouses & GPS,GET|HEAD /api/auth/warehouses/return-lookup,API_ENDPOINT,Authenticated User,Enforced by non.sale or store middleware,Valid JWT token in Authorization header,HTTP Request body/params,N/A,Handler: App\Http\Controllers\WarehouseController@lookupReturnByLicense; Returns HTTP 200/201 JSON contract,Parameterized SQL query/mutation on schema himoto,N/A,PASS (Commit 2b49116),PASS (100% Parity),PASS (100% Parity),routes/api.php -> App\Http\Controllers\WarehouseController@lookupReturnByLicense
API-183,Warehouses & GPS,GET|HEAD /api/auth/warehouses/summary,API_ENDPOINT,Authenticated User,Enforced by non.sale or store middleware,Valid JWT token in Authorization header,HTTP Request body/params,N/A,Handler: App\Http\Controllers\WarehouseController@summary; Returns HTTP 200/201 JSON contract,Parameterized SQL query/mutation on schema himoto,N/A,PASS (Commit 2b49116),PASS (100% Parity),PASS (100% Parity),routes/api.php -> App\Http\Controllers\WarehouseController@summary
API-184,Warehouses & GPS,GET|HEAD /api/auth/warehouses/transfers,API_ENDPOINT,Authenticated User,Enforced by non.sale or store middleware,Valid JWT token in Authorization header,HTTP Request body/params,N/A,Handler: App\Http\Controllers\WarehouseController@transfers; Returns HTTP 200/201 JSON contract,Parameterized SQL query/mutation on schema himoto,N/A,PASS (Commit 2b49116),PASS (100% Parity),PASS (100% Parity),routes/api.php -> App\Http\Controllers\WarehouseController@transfers
API-185,Warehouses & GPS,POST /api/auth/warehouses/transfers,API_ENDPOINT,Authenticated User,Enforced by non.sale or store middleware,Valid JWT token in Authorization header,HTTP Request body/params,N/A,Handler: App\Http\Controllers\WarehouseController@dispatchTransfer; Returns HTTP 200/201 JSON contract,Parameterized SQL query/mutation on schema himoto,N/A,PASS (Commit 2b49116),PASS (100% Parity),PASS (100% Parity),routes/api.php -> App\Http\Controllers\WarehouseController@dispatchTransfer
API-186,Warehouses & GPS,POST /api/auth/warehouses/transfers/{id}/cancel,API_ENDPOINT,Authenticated User,Enforced by non.sale or store middleware,Valid JWT token in Authorization header,HTTP Request body/params,N/A,Handler: App\Http\Controllers\WarehouseController@cancelTransfer; Returns HTTP 200/201 JSON contract,Parameterized SQL query/mutation on schema himoto,N/A,PASS (Commit 2b49116),PASS (100% Parity),PASS (100% Parity),routes/api.php -> App\Http\Controllers\WarehouseController@cancelTransfer
API-187,Warehouses & GPS,POST /api/auth/warehouses/transfers/{id}/receive,API_ENDPOINT,Authenticated User,Enforced by non.sale or store middleware,Valid JWT token in Authorization header,HTTP Request body/params,N/A,Handler: App\Http\Controllers\WarehouseController@receiveTransfer; Returns HTTP 200/201 JSON contract,Parameterized SQL query/mutation on schema himoto,N/A,PASS (Commit 2b49116),PASS (100% Parity),PASS (100% Parity),routes/api.php -> App\Http\Controllers\WarehouseController@receiveTransfer
API-188,Warehouses & GPS,POST /api/auth/warehouses/vehicle-exchange,API_ENDPOINT,Authenticated User,Enforced by non.sale or store middleware,Valid JWT token in Authorization header,HTTP Request body/params,N/A,Handler: App\Http\Controllers\WarehouseController@exchangeVehicle; Returns HTTP 200/201 JSON contract,Parameterized SQL query/mutation on schema himoto,N/A,PASS (Commit 2b49116),PASS (100% Parity),PASS (100% Parity),routes/api.php -> App\Http\Controllers\WarehouseController@exchangeVehicle
API-189,Vehicles,GET|HEAD /api/auth/warehouses/{storeId}/vehicles,API_ENDPOINT,Authenticated User,Enforced by non.sale or store middleware,Valid JWT token in Authorization header,HTTP Request body/params,N/A,Handler: App\Http\Controllers\WarehouseController@vehicles; Returns HTTP 200/201 JSON contract,Parameterized SQL query/mutation on schema himoto,N/A,PASS (Commit 2b49116),PASS (100% Parity),PASS (100% Parity),routes/api.php -> App\Http\Controllers\WarehouseController@vehicles
API-190,General API,GET|HEAD /api/check-timezone,API_ENDPOINT,Authenticated User,Global or Store-scoped,Valid JWT token in Authorization header,HTTP Request body/params,N/A,Handler: App\Http\Controllers\Order\OrderController@check_timezone; Returns HTTP 200/201 JSON contract,Parameterized SQL query/mutation on schema himoto,N/A,PASS (Commit 2b49116),PASS (100% Parity),PASS (100% Parity),routes/api.php -> App\Http\Controllers\Order\OrderController@check_timezone
API-191,Customer Reminders,POST /api/customer-reminders/webhook/{provider},API_ENDPOINT,Authenticated User,Global or Store-scoped,Public,HTTP Request body/params,N/A,Handler: App\Http\Controllers\CustomerReminderController@webhook; Returns HTTP 200/201 JSON contract,Parameterized SQL query/mutation on schema himoto,N/A,PASS (Commit 2b49116),PASS (100% Parity),PASS (100% Parity),routes/api.php -> App\Http\Controllers\CustomerReminderController@webhook
API-192,General API,POST /api/forgot-password,API_ENDPOINT,Authenticated User,Global or Store-scoped,Public,HTTP Request body/params,N/A,Handler: App\Http\Controllers\UserController@forgotPassword; Returns HTTP 200/201 JSON contract,Parameterized SQL query/mutation on schema himoto,N/A,PASS (Commit 2b49116),PASS (100% Parity),PASS (100% Parity),routes/api.php -> App\Http\Controllers\UserController@forgotPassword
API-193,Users & Roles,GET|HEAD /api/get-list-user,API_ENDPOINT,Authenticated User,Enforced by non.sale or store middleware,Valid JWT token in Authorization header,HTTP Request body/params,N/A,Handler: App\Http\Controllers\AuthController@getListUser; Returns HTTP 200/201 JSON contract,Parameterized SQL query/mutation on schema himoto,N/A,PASS (Commit 2b49116),PASS (100% Parity),PASS (100% Parity),routes/api.php -> App\Http\Controllers\AuthController@getListUser
API-194,General API,GET|HEAD /api/health,API_ENDPOINT,Authenticated User,Global or Store-scoped,Public,HTTP Request body/params,N/A,Handler: Closure; Returns HTTP 200/201 JSON contract,Parameterized SQL query/mutation on schema himoto,N/A,PASS (Commit 2b49116),PASS (100% Parity),PASS (100% Parity),routes/api.php -> Closure
API-195,General API,POST /api/reset-password,API_ENDPOINT,Authenticated User,Global or Store-scoped,Public,HTTP Request body/params,N/A,Handler: App\Http\Controllers\UserController@resetPassword; Returns HTTP 200/201 JSON contract,Parameterized SQL query/mutation on schema himoto,N/A,PASS (Commit 2b49116),PASS (100% Parity),PASS (100% Parity),routes/api.php -> App\Http\Controllers\UserController@resetPassword
API-196,General API,GET|HEAD /api/verify-token,API_ENDPOINT,Authenticated User,Global or Store-scoped,Valid JWT token in Authorization header,HTTP Request body/params,N/A,Handler: App\Http\Controllers\AuthController@verifyToken; Returns HTTP 200/201 JSON contract,Parameterized SQL query/mutation on schema himoto,N/A,PASS (Commit 2b49116),PASS (100% Parity),PASS (100% Parity),routes/api.php -> App\Http\Controllers\AuthController@verifyToken
JOB-001,Background Jobs,command:crontab,CRON_JOB,System Scheduler,All stores,"Node scheduler running, DB connection ready",Trigger frequency: everyMinute,N/A,N/A,Hệ thống crontab heartbeat updates database records,N/A,PASS (Commit 2b49116),PASS (100% Parity),PASS (100% Parity),app/Console/Kernel.php -> command:crontab
JOB-002,Background Jobs,feature:calculate-minute-late-orders,CRON_JOB,System Scheduler,All stores,"Node scheduler running, DB connection ready",Trigger frequency: everyMinute,N/A,N/A,Tính số phút quá hạn và tiền phạt muộn cho đơn thuê updates database records,N/A,PASS (Commit 2b49116),PASS (100% Parity),PASS (100% Parity),app/Console/Kernel.php -> feature:calculate-minute-late-orders
JOB-003,Background Jobs,feature:maintenance-schedule,CRON_JOB,System Scheduler,All stores,"Node scheduler running, DB connection ready",Trigger frequency: everyMinute,N/A,N/A,Quét và kích hoạt lịch bảo dưỡng xe tự động updates database records,N/A,PASS (Commit 2b49116),PASS (100% Parity),PASS (100% Parity),app/Console/Kernel.php -> feature:maintenance-schedule
JOB-004,Background Jobs,feature:get-lead,CRON_JOB,System Scheduler,All stores,"Node scheduler running, DB connection ready",Trigger frequency: */15 * * * *,N/A,N/A,Đồng bộ lead từ website WordPress/CRM mỗi 15 phút updates database records,N/A,PASS (Commit 2b49116),PASS (100% Parity),PASS (100% Parity),app/Console/Kernel.php -> feature:get-lead
